{
    "loss": [
        0.10353903472423553,
        0.06976331025362015,
        0.06175915524363518,
        0.05911746993660927,
        0.05759766325354576,
        0.05426700785756111,
        0.053168926388025284,
        0.05179649591445923,
        0.051027167588472366,
        0.04974423348903656,
        0.047944504767656326,
        0.04757405444979668,
        0.047151949256658554,
        0.047032903879880905,
        0.04631521925330162,
        0.04551631957292557,
        0.04527109116315842,
        0.04530395567417145,
        0.044892750680446625,
        0.04493926465511322,
        0.04439563676714897,
        0.04454055428504944,
        0.044475894421339035,
        0.044318459928035736,
        0.04407814145088196,
        0.04398355260491371,
        0.04392453655600548,
        0.04367205873131752,
        0.043798595666885376,
        0.043712832033634186,
        0.04357948899269104,
        0.043511681258678436,
        0.043267037719488144,
        0.043466199189424515,
        0.04322445020079613,
        0.04289722442626953,
        0.04304482787847519,
        0.04302503913640976,
        0.04286802560091019,
        0.04274433106184006,
        0.042634449899196625,
        0.042561713606119156
    ],
    "val_loss": [
        0.09715700894594193,
        0.06512214243412018,
        0.06066948175430298,
        0.059500645846128464,
        0.05482469126582146,
        0.05273597687482834,
        0.053543005138635635,
        0.05342565104365349,
        0.054161809384822845,
        0.05201046168804169,
        0.05303356796503067,
        0.05065183714032173,
        0.05314056575298309,
        0.05237184464931488,
        0.053210221230983734,
        0.05434659495949745,
        0.054784707725048065,
        0.052133530378341675,
        0.05691596865653992,
        0.053548045456409454,
        0.054775044322013855,
        0.05356040596961975,
        0.052219100296497345,
        0.052934061735868454,
        0.05685700848698616,
        0.05653570964932442,
        0.05511324852705002,
        0.053653351962566376,
        0.054047100245952606,
        0.053720831871032715,
        0.05328721925616264,
        0.05265483260154724,
        0.05383976548910141,
        0.05899518355727196,
        0.05438286438584328,
        0.05549762398004532,
        0.05467800796031952,
        0.05639610439538956,
        0.05457001179456711,
        0.053477272391319275,
        0.05649504438042641,
        0.055263034999370575
    ]
}