{
    "loss": [
        0.09515058249235153,
        0.06285902112722397,
        0.05708704888820648,
        0.054581042379140854,
        0.05240023508667946,
        0.050010401755571365,
        0.04958014935255051,
        0.049085620790719986,
        0.048360537737607956,
        0.04766123741865158,
        0.045730896294116974,
        0.045701030641794205,
        0.04551704227924347,
        0.0454045906662941,
        0.045024994760751724,
        0.044367775321006775,
        0.044295065104961395,
        0.044178545475006104,
        0.044118668884038925,
        0.04402150586247444,
        0.04356246069073677,
        0.04366906359791756,
        0.04362216591835022,
        0.04363057017326355,
        0.04345691576600075,
        0.04347870871424675,
        0.04338352382183075,
        0.04338020086288452,
        0.043414726853370667,
        0.04324711486697197,
        0.043260518461465836,
        0.04313388094305992,
        0.043054938316345215,
        0.043043579906225204,
        0.04312196373939514,
        0.042942505329847336,
        0.042933087795972824,
        0.042746447026729584,
        0.04293999820947647,
        0.04269413650035858,
        0.0426759347319603,
        0.04257825389504433,
        0.042690176516771317,
        0.042604152113199234,
        0.04245954006910324,
        0.042577799409627914,
        0.0424652174115181,
        0.04243476316332817,
        0.042570825666189194,
        0.04238640516996384,
        0.042382944375276566,
        0.04246154800057411
    ],
    "val_loss": [
        0.06434831023216248,
        0.06391402333974838,
        0.05633565038442612,
        0.051214251667261124,
        0.05359283834695816,
        0.05701463669538498,
        0.04962996393442154,
        0.051602717489004135,
        0.0540088415145874,
        0.0525202676653862,
        0.051037587225437164,
        0.05449015274643898,
        0.05192907527089119,
        0.05469211935997009,
        0.05401444807648659,
        0.05028058961033821,
        0.0508735291659832,
        0.054130397737026215,
        0.05129906162619591,
        0.051716357469558716,
        0.050692323595285416,
        0.04923376813530922,
        0.05187375843524933,
        0.050429392606019974,
        0.052675098180770874,
        0.054980240762233734,
        0.05260634049773216,
        0.05113673582673073,
        0.051324356347322464,
        0.05240737274289131,
        0.05184142664074898,
        0.05142446234822273,
        0.05101669579744339,
        0.05261686071753502,
        0.05064094811677933,
        0.05097120255231857,
        0.05009257420897484,
        0.05318983644247055,
        0.05131760612130165,
        0.05191035196185112,
        0.050757426768541336,
        0.052857328206300735,
        0.050600260496139526,
        0.050760187208652496,
        0.05127691105008125,
        0.04992387816309929,
        0.051154691725969315,
        0.05235232412815094,
        0.050942834466695786,
        0.05090833082795143,
        0.05018400400876999,
        0.052253738045692444
    ]
}