{
    "loss": [
        0.05477691814303398,
        0.040327198803424835,
        0.039610352367162704,
        0.038949500769376755,
        0.03837599605321884,
        0.03742275759577751,
        0.03755668178200722,
        0.037418629974126816,
        0.03729986771941185,
        0.037216585129499435,
        0.03675638884305954,
        0.036726005375385284,
        0.03675679489970207,
        0.03674662113189697,
        0.0366806723177433,
        0.0364605188369751,
        0.03648160398006439,
        0.03646979480981827,
        0.03643929958343506,
        0.036416519433259964,
        0.0363200306892395,
        0.03637021407485008,
        0.03635963797569275,
        0.036346014589071274,
        0.036318887025117874,
        0.03634277731180191,
        0.036272082477808,
        0.03629087656736374,
        0.03629961609840393,
        0.03632516413927078,
        0.03629105165600777,
        0.036258965730667114,
        0.036244094371795654,
        0.03625063970685005,
        0.03625129908323288,
        0.03621351718902588,
        0.03624005988240242,
        0.03623851388692856,
        0.036205023527145386,
        0.03623632341623306,
        0.03622483089566231,
        0.03619642183184624,
        0.036191146820783615,
        0.036184828728437424,
        0.03618081286549568,
        0.03616653382778168,
        0.03618374094367027,
        0.03616765886545181,
        0.03618568554520607,
        0.0361616387963295,
        0.0361725352704525,
        0.03616556525230408,
        0.036150794476270676,
        0.03614626079797745,
        0.03617179021239281,
        0.03618864342570305,
        0.03615489602088928,
        0.036137573421001434,
        0.03615425527095795,
        0.03614009544253349,
        0.03614604473114014,
        0.03610749915242195,
        0.03612344712018967,
        0.03612064570188522,
        0.03610974922776222,
        0.036137647926807404,
        0.0361274816095829,
        0.036110274493694305,
        0.036128122359514236,
        0.0360986702144146,
        0.03609680384397507,
        0.036095816642045975,
        0.036127906292676926,
        0.03610040619969368,
        0.036099616438150406,
        0.03608590364456177,
        0.03611379489302635,
        0.03609899431467056,
        0.03608396276831627,
        0.036087896674871445
    ],
    "val_loss": [
        0.038604650646448135,
        0.04123043641448021,
        0.03683780878782272,
        0.03704188019037247,
        0.03610662743449211,
        0.03591690585017204,
        0.03625471889972687,
        0.036966778337955475,
        0.036156490445137024,
        0.035780247300863266,
        0.03543717786669731,
        0.03546544164419174,
        0.03536904975771904,
        0.03533758595585823,
        0.035637106746435165,
        0.0353483110666275,
        0.035371530801057816,
        0.03543984889984131,
        0.035187978297472,
        0.035169556736946106,
        0.03521116450428963,
        0.03517218679189682,
        0.03508417680859566,
        0.03520374745130539,
        0.0351095087826252,
        0.03516845405101776,
        0.03503652289509773,
        0.03511971980333328,
        0.03527652844786644,
        0.03515443578362465,
        0.03513059392571449,
        0.03495920076966286,
        0.03495841100811958,
        0.03503608703613281,
        0.03503350913524628,
        0.03502744436264038,
        0.03524526581168175,
        0.03507962450385094,
        0.034992706030607224,
        0.03511406108736992,
        0.03502771630883217,
        0.03496258333325386,
        0.034984346479177475,
        0.03494001924991608,
        0.0349368155002594,
        0.03488010913133621,
        0.034947607666254044,
        0.03497150540351868,
        0.03530946001410484,
        0.03483693301677704,
        0.03518028184771538,
        0.0351015068590641,
        0.03490101918578148,
        0.03492926061153412,
        0.034976787865161896,
        0.034978266805410385,
        0.034958261996507645,
        0.03490910679101944,
        0.03498309105634689,
        0.03499642387032509,
        0.0349600575864315,
        0.03489551320672035,
        0.034972503781318665,
        0.0350349061191082,
        0.035069119185209274,
        0.035045601427555084,
        0.03499811887741089,
        0.03505329415202141,
        0.03511446341872215,
        0.03502073884010315,
        0.034867893904447556,
        0.03497686609625816,
        0.03550420701503754,
        0.03496728837490082,
        0.03491801396012306,
        0.034934066236019135,
        0.035089973360300064,
        0.0350128598511219,
        0.03486892953515053,
        0.03509380295872688
    ]
}