{
    "loss": [
        0.10743413120508194,
        0.07236774265766144,
        0.07013918459415436,
        0.06841611117124557,
        0.06671343743801117,
        0.06312770396471024,
        0.06205858290195465,
        0.062006548047065735,
        0.060864631086587906,
        0.06090152636170387,
        0.05917657911777496,
        0.05884615704417229,
        0.058681827038526535,
        0.058601461350917816,
        0.058581236749887466,
        0.05765579640865326,
        0.057622749358415604,
        0.0576588436961174,
        0.05756533145904541,
        0.05766679719090462,
        0.05717342719435692,
        0.0572381354868412,
        0.057296618819236755,
        0.057158272713422775,
        0.05722459778189659,
        0.057196665555238724,
        0.05712985247373581,
        0.05700260400772095,
        0.05707849562168121,
        0.05685928836464882,
        0.05685984715819359,
        0.056985121220350266,
        0.05700312927365303,
        0.05691283196210861,
        0.05687610059976578,
        0.05671845003962517,
        0.05677251145243645,
        0.05666210502386093,
        0.056654300540685654,
        0.05663818120956421,
        0.056551311165094376,
        0.05656171962618828,
        0.05656144767999649,
        0.05656586214900017,
        0.05649622902274132,
        0.05646311119198799,
        0.05644784867763519,
        0.05638214200735092,
        0.05644981563091278,
        0.05637381970882416,
        0.0564122311770916,
        0.0564320869743824,
        0.056139953434467316,
        0.05625050887465477,
        0.056049611419439316,
        0.05635499581694603,
        0.05611664801836014,
        0.05621912702918053,
        0.05619459226727486,
        0.056137681007385254,
        0.055925965309143066,
        0.05589262768626213,
        0.055921949446201324,
        0.056056633591651917,
        0.05575789138674736,
        0.05578819662332535
    ],
    "val_loss": [
        0.07401960343122482,
        0.06581021845340729,
        0.06304509937763214,
        0.06283316761255264,
        0.06146124005317688,
        0.05653082951903343,
        0.05670088157057762,
        0.05544797703623772,
        0.05540909990668297,
        0.056250765919685364,
        0.05968668684363365,
        0.05782037228345871,
        0.05606715381145477,
        0.06119823455810547,
        0.059046052396297455,
        0.05565675348043442,
        0.055878303945064545,
        0.05619378015398979,
        0.06074904650449753,
        0.05696626380085945,
        0.05583270639181137,
        0.05854221433401108,
        0.05649653822183609,
        0.05772389844059944,
        0.05675478279590607,
        0.057675763964653015,
        0.05771506950259209,
        0.0592036098241806,
        0.059108857065439224,
        0.054746344685554504,
        0.05842899531126022,
        0.055398933589458466,
        0.055051494389772415,
        0.055944010615348816,
        0.05499856919050217,
        0.0529329851269722,
        0.0571376271545887,
        0.05489340424537659,
        0.054464083164930344,
        0.055619820952415466,
        0.056632738560438156,
        0.05505478009581566,
        0.054188039153814316,
        0.05587126687169075,
        0.05508266016840935,
        0.05775073915719986,
        0.056054241955280304,
        0.05587872862815857,
        0.059287142008543015,
        0.05661066249012947,
        0.05404340475797653,
        0.05641458183526993,
        0.053774554282426834,
        0.05684848502278328,
        0.05876611918210983,
        0.055987074971199036,
        0.0585201270878315,
        0.054449860006570816,
        0.054500773549079895,
        0.055240385234355927,
        0.05733843147754669,
        0.05772440880537033,
        0.055947307497262955,
        0.05430871620774269,
        0.057036783546209335,
        0.05689501017332077
    ]
}