{
    "loss": [
        0.10028202086687088,
        0.08556833118200302,
        0.08333597332239151,
        0.08284411579370499,
        0.08200333267450333,
        0.08016808331012726,
        0.07961215823888779,
        0.07887572795152664,
        0.07832837849855423,
        0.077784962952137,
        0.07592575252056122,
        0.0761650949716568,
        0.07496772706508636,
        0.07407214492559433,
        0.07342955470085144,
        0.07216710597276688,
        0.07178180664777756,
        0.071668840944767,
        0.07145710289478302,
        0.07116827368736267,
        0.07052110880613327,
        0.07075924426317215,
        0.07058863341808319,
        0.07058160752058029,
        0.0703134536743164,
        0.07013716548681259,
        0.06989721208810806,
        0.06985755264759064,
        0.06972283869981766,
        0.06962502002716064,
        0.06964027881622314,
        0.06950681656599045,
        0.06928223371505737,
        0.06931757181882858,
        0.06903506815433502,
        0.06886336207389832
    ],
    "val_loss": [
        0.07960943132638931,
        0.08144017308950424,
        0.0804307609796524,
        0.07944690436124802,
        0.07618270069360733,
        0.07484392821788788,
        0.0765475481748581,
        0.07681190222501755,
        0.08400949090719223,
        0.07690422236919403,
        0.08880128711462021,
        0.08219632506370544,
        0.08162524551153183,
        0.08100010454654694,
        0.08233840018510818,
        0.07975734025239944,
        0.08094929158687592,
        0.08159486949443817,
        0.08025864511728287,
        0.08012943714857101,
        0.08281223475933075,
        0.0777035504579544,
        0.08054276555776596,
        0.0806686282157898,
        0.08077231794595718,
        0.07805197685956955,
        0.08329177647829056,
        0.08037116378545761,
        0.08068755269050598,
        0.0868428573012352,
        0.08218004554510117,
        0.08056050539016724,
        0.07695779949426651,
        0.0779092088341713,
        0.08051731437444687,
        0.08156172931194305
    ]
}