{
    "loss": [
        0.1173592358827591,
        0.09441956132650375,
        0.09147178381681442,
        0.09028182923793793,
        0.08957116305828094,
        0.08836348354816437,
        0.08819663524627686,
        0.08809737116098404,
        0.08781838417053223,
        0.08744332194328308,
        0.08674014359712601,
        0.08684483915567398,
        0.08659719675779343,
        0.0864829570055008,
        0.08629637956619263,
        0.08590557426214218,
        0.08582456409931183,
        0.08598307520151138,
        0.08572994917631149,
        0.08574278652667999,
        0.08546759188175201,
        0.08554939925670624,
        0.08539044857025146,
        0.08539735525846481,
        0.08542465418577194,
        0.0852183923125267,
        0.08529641479253769,
        0.08524181693792343,
        0.08520758897066116,
        0.08506496995687485,
        0.0850762277841568,
        0.08505921065807343,
        0.08490560203790665,
        0.08492450416088104,
        0.08481542021036148,
        0.08479059487581253,
        0.08481612801551819,
        0.08470960706472397,
        0.08451402187347412,
        0.08447084575891495,
        0.08447587490081787,
        0.08450446277856827,
        0.0844755545258522,
        0.08473527431488037
    ],
    "val_loss": [
        0.09470680356025696,
        0.08569233119487762,
        0.08639699965715408,
        0.08385232090950012,
        0.08158587664365768,
        0.08386136591434479,
        0.08208838850259781,
        0.08489476144313812,
        0.08388558775186539,
        0.0896667018532753,
        0.09125994145870209,
        0.08488458395004272,
        0.08485066890716553,
        0.08158458024263382,
        0.08403772115707397,
        0.08429902046918869,
        0.08286436647176743,
        0.08293195813894272,
        0.08476370573043823,
        0.08342088758945465,
        0.0838707685470581,
        0.08599115163087845,
        0.08595073223114014,
        0.08341462165117264,
        0.08681052178144455,
        0.08500431478023529,
        0.08510484546422958,
        0.08606386929750443,
        0.08427712321281433,
        0.08598453551530838,
        0.08523052930831909,
        0.08485055714845657,
        0.08576678484678268,
        0.08594916760921478,
        0.08549299836158752,
        0.08559279143810272,
        0.08678451925516129,
        0.08564196527004242,
        0.08639201521873474,
        0.08594312518835068,
        0.08560987561941147,
        0.08570398390293121,
        0.0895303338766098,
        0.08645819872617722
    ]
}