{
    "loss": [
        0.11302095651626587,
        0.07859312742948532,
        0.07662124931812286,
        0.07596123963594437,
        0.07479914277791977,
        0.07329823821783066,
        0.07316131144762039,
        0.07292766124010086,
        0.07248875498771667,
        0.07225073873996735,
        0.07157564163208008,
        0.07139289379119873,
        0.07127895951271057,
        0.07108692824840546,
        0.07071562856435776,
        0.07010480016469955,
        0.07020705938339233,
        0.06996040791273117,
        0.06978671252727509,
        0.06964749097824097,
        0.06937155872583389,
        0.06935475021600723,
        0.06924818456172943,
        0.06901778280735016,
        0.06919589638710022,
        0.06894784420728683,
        0.0687478631734848,
        0.06868930906057358,
        0.0684797391295433,
        0.06838004291057587,
        0.06819169223308563,
        0.06816449016332626,
        0.06798924505710602,
        0.06777876615524292,
        0.06780488044023514,
        0.06761530041694641,
        0.06727028638124466,
        0.06718522310256958
    ],
    "val_loss": [
        0.0707734078168869,
        0.06794734299182892,
        0.0704197809100151,
        0.07014113664627075,
        0.06963300704956055,
        0.06811291724443436,
        0.06833011656999588,
        0.0678035318851471,
        0.07029704749584198,
        0.06906609237194061,
        0.07035929709672928,
        0.06963679939508438,
        0.07040002197027206,
        0.06867159903049469,
        0.06940479576587677,
        0.06908523291349411,
        0.0704079419374466,
        0.07125095278024673,
        0.0694468542933464,
        0.0711098462343216,
        0.07081093639135361,
        0.071418896317482,
        0.06979528069496155,
        0.07227715849876404,
        0.0721777006983757,
        0.0713091492652893,
        0.0710831806063652,
        0.07158756256103516,
        0.07158824056386948,
        0.07334743440151215,
        0.07321520149707794,
        0.07129964232444763,
        0.07335211336612701,
        0.07240413874387741,
        0.07337811589241028,
        0.07419126480817795,
        0.07395869493484497,
        0.07456003874540329
    ]
}