{
    "loss": [
        0.09368911385536194,
        0.07158136367797852,
        0.0695146769285202,
        0.06864821910858154,
        0.06820927560329437,
        0.0666835680603981,
        0.06654972583055496,
        0.06640928238630295,
        0.06632751226425171,
        0.06608781218528748,
        0.06525344401597977,
        0.06497205793857574,
        0.06493977457284927,
        0.06476930528879166,
        0.06486740708351135,
        0.06429199874401093,
        0.06417088210582733,
        0.06408858299255371,
        0.06404640525579453,
        0.06387448310852051,
        0.06360532343387604,
        0.06373092532157898,
        0.06362570822238922,
        0.06354101002216339,
        0.06352011859416962,
        0.06340792030096054,
        0.06344235688447952,
        0.06334535032510757,
        0.06324301660060883,
        0.06334038823843002,
        0.06317901611328125,
        0.0631861537694931,
        0.06311793625354767,
        0.06304465979337692,
        0.06302075833082199,
        0.06302741169929504,
        0.0629420354962349
    ],
    "val_loss": [
        0.0851961150765419,
        0.08163805305957794,
        0.09517566859722137,
        0.08513069152832031,
        0.08775652199983597,
        0.08430220186710358,
        0.08037863671779633,
        0.08756177127361298,
        0.08452939987182617,
        0.08825773745775223,
        0.08716309815645218,
        0.08560755103826523,
        0.08355201780796051,
        0.08535989373922348,
        0.08698568493127823,
        0.08442845940589905,
        0.0870504155755043,
        0.08410273492336273,
        0.08519993722438812,
        0.09012521058320999,
        0.08624392002820969,
        0.08591976016759872,
        0.08118754625320435,
        0.08313806354999542,
        0.08418174833059311,
        0.08444441854953766,
        0.08624610304832458,
        0.08293768763542175,
        0.09015123546123505,
        0.08623732626438141,
        0.08638914674520493,
        0.08363434672355652,
        0.08688656240701675,
        0.08679518103599548,
        0.08709976077079773,
        0.0875004380941391,
        0.08662445098161697
    ]
}