{
    "loss": [
        0.11243879050016403,
        0.10146288573741913,
        0.10077116638422012,
        0.10034691542387009,
        0.10008452832698822,
        0.09945660829544067,
        0.09931354224681854,
        0.09928365796804428,
        0.0992417111992836,
        0.09912899881601334,
        0.09885932505130768,
        0.09878503531217575,
        0.09878581017255783,
        0.09877631068229675,
        0.09876010566949844,
        0.09859107434749603,
        0.09856501966714859,
        0.09852242469787598,
        0.09853324294090271,
        0.0985288918018341,
        0.09844109416007996,
        0.09847357869148254,
        0.09847258031368256,
        0.09847215563058853,
        0.09845146536827087,
        0.09845443814992905,
        0.09842903167009354,
        0.09842949360609055,
        0.09841696172952652,
        0.09841801226139069,
        0.09839293360710144,
        0.09838498383760452,
        0.09838668256998062,
        0.09836174547672272,
        0.09836827963590622,
        0.09834977239370346,
        0.0983530804514885,
        0.09833983331918716,
        0.09834299981594086,
        0.09834571182727814,
        0.09834299236536026,
        0.09832596033811569,
        0.0983240157365799,
        0.09831200540065765,
        0.0982888787984848,
        0.09828449040651321,
        0.09828638285398483,
        0.09827568382024765,
        0.09828820079565048,
        0.09826306998729706,
        0.0982532799243927,
        0.09825506806373596,
        0.09823016077280045,
        0.09822580218315125,
        0.09822206199169159,
        0.0982242226600647,
        0.09822484105825424,
        0.09819882363080978,
        0.09822104126214981,
        0.09816788136959076,
        0.0981757640838623,
        0.09817373007535934,
        0.09817498922348022,
        0.09818368405103683,
        0.09815312922000885,
        0.0981811061501503,
        0.09818603098392487,
        0.09813859313726425,
        0.09813080728054047,
        0.09813492000102997,
        0.098143570125103,
        0.09812794625759125,
        0.09812565892934799,
        0.09810713678598404,
        0.09814713150262833,
        0.09811167418956757
    ],
    "val_loss": [
        0.10322321206331253,
        0.10314161330461502,
        0.10157672315835953,
        0.10232804715633392,
        0.10135979950428009,
        0.10041603446006775,
        0.10119553655385971,
        0.1007152646780014,
        0.09978179633617401,
        0.10075564682483673,
        0.10067031532526016,
        0.10057248175144196,
        0.09986615180969238,
        0.09976714849472046,
        0.10048820078372955,
        0.09990055114030838,
        0.09966589510440826,
        0.09970719367265701,
        0.09956445544958115,
        0.09963977336883545,
        0.0997038334608078,
        0.09978335350751877,
        0.09967011958360672,
        0.09974143654108047,
        0.09968412667512894,
        0.09967135637998581,
        0.09970081597566605,
        0.0999343991279602,
        0.09972483664751053,
        0.10026787966489792,
        0.0997445210814476,
        0.09955549240112305,
        0.09977464377880096,
        0.09988375753164291,
        0.09959934651851654,
        0.09937959909439087,
        0.09953393787145615,
        0.09966251999139786,
        0.10001546889543533,
        0.09955760091543198,
        0.09973438829183578,
        0.0996476262807846,
        0.09954429417848587,
        0.09969715774059296,
        0.09996698051691055,
        0.09937163442373276,
        0.09993890672922134,
        0.09975362569093704,
        0.09975787252187729,
        0.099815733730793,
        0.10007013380527496,
        0.09955785423517227,
        0.09962279349565506,
        0.09959723055362701,
        0.10028955340385437,
        0.09973114728927612,
        0.09998484700918198,
        0.09968417882919312,
        0.0995672270655632,
        0.09943441301584244,
        0.09970146417617798,
        0.09972729533910751,
        0.09959174692630768,
        0.09942542761564255,
        0.09967485070228577,
        0.09962477535009384,
        0.09943860024213791,
        0.10002400726079941,
        0.09942908585071564,
        0.09972846508026123,
        0.0996217280626297,
        0.10001911967992783,
        0.09959409385919571,
        0.09967605024576187,
        0.09962233155965805,
        0.09998085349798203
    ]
}