{
    "loss": [
        0.12382680177688599,
        0.10332071036100388,
        0.10212448239326477,
        0.10156875848770142,
        0.10154218971729279,
        0.10073371231555939,
        0.10035490989685059,
        0.10046297311782837,
        0.10030956566333771,
        0.10046973079442978,
        0.09993670880794525,
        0.0999222844839096,
        0.09991975128650665,
        0.09988776594400406,
        0.09978356957435608,
        0.09967263787984848,
        0.09960097819566727,
        0.09961427748203278,
        0.09958212822675705,
        0.09964112192392349,
        0.09949443489313126,
        0.09955893456935883,
        0.09955853968858719,
        0.09952638298273087,
        0.0995137095451355,
        0.09953155368566513,
        0.09950699657201767,
        0.09950774908065796,
        0.09950608760118484,
        0.09945567697286606,
        0.09947013854980469,
        0.0994492843747139,
        0.09949131309986115,
        0.09945286810398102,
        0.09947822242975235,
        0.09951095283031464,
        0.09942343831062317,
        0.09948054701089859,
        0.09943892806768417,
        0.09944308549165726,
        0.0994371622800827,
        0.09944003820419312,
        0.09944567084312439,
        0.09941552579402924,
        0.09939803928136826,
        0.09941227734088898,
        0.09938216209411621,
        0.09941272437572479,
        0.09936323016881943,
        0.09940274804830551,
        0.09935739636421204,
        0.09936962276697159,
        0.09937264025211334,
        0.09936758130788803,
        0.09935083240270615,
        0.09936016798019409,
        0.0993506982922554,
        0.09933856129646301,
        0.09934907406568527,
        0.09931333363056183,
        0.09933197498321533,
        0.09935098141431808,
        0.09930700063705444,
        0.09929158538579941,
        0.09931949526071548,
        0.0993206575512886,
        0.09928851574659348
    ],
    "val_loss": [
        0.10534398257732391,
        0.10460522770881653,
        0.10250946134328842,
        0.10250093787908554,
        0.10062593966722488,
        0.10052444785833359,
        0.1005919873714447,
        0.10048837959766388,
        0.10075439512729645,
        0.10068745911121368,
        0.10031067579984665,
        0.10018178075551987,
        0.1004658043384552,
        0.10039056092500687,
        0.1009368970990181,
        0.10042223334312439,
        0.10027386993169785,
        0.10066204518079758,
        0.10001906007528305,
        0.10032721608877182,
        0.10005025565624237,
        0.09998348355293274,
        0.10015292465686798,
        0.10015678405761719,
        0.09961898624897003,
        0.1000337302684784,
        0.0997101292014122,
        0.09959124028682709,
        0.09980756044387817,
        0.09989925473928452,
        0.09981224685907364,
        0.10016310214996338,
        0.09995579719543457,
        0.10056295245885849,
        0.09978239983320236,
        0.10039378702640533,
        0.09941042214632034,
        0.0997852310538292,
        0.10030648857355118,
        0.09981207549571991,
        0.09953663498163223,
        0.09992930293083191,
        0.09999579191207886,
        0.09966762363910675,
        0.09970933198928833,
        0.0994553491473198,
        0.10033445060253143,
        0.09987549483776093,
        0.09994462132453918,
        0.0996774286031723,
        0.0995156317949295,
        0.0994221568107605,
        0.09946112334728241,
        0.10030156373977661,
        0.09998653829097748,
        0.0998646542429924,
        0.09955090284347534,
        0.09953399002552032,
        0.09971746057271957,
        0.09967741370201111,
        0.09949513524770737,
        0.09958596527576447,
        0.09955229610204697,
        0.10043440759181976,
        0.09990505129098892,
        0.09949246793985367,
        0.09980235248804092
    ]
}