{
    "loss": [
        0.06362400949001312,
        0.04553930461406708,
        0.04501112177968025,
        0.04494943469762802,
        0.045149173587560654,
        0.043571438640356064,
        0.04376032203435898,
        0.04368375986814499,
        0.04351500794291496,
        0.043636661022901535,
        0.042960815131664276,
        0.04300328344106674,
        0.04296046495437622,
        0.04293501004576683,
        0.042794857174158096,
        0.04263399913907051,
        0.042655423283576965,
        0.04263215512037277,
        0.04262508451938629,
        0.04263044521212578,
        0.04249684885144234,
        0.04253682121634483,
        0.04251916706562042,
        0.042546723037958145,
        0.042483024299144745,
        0.04248998686671257,
        0.0424598790705204,
        0.0425240583717823,
        0.04249358922243118,
        0.0424550399184227,
        0.04246346652507782,
        0.04245397821068764,
        0.0424371100962162,
        0.04243437573313713,
        0.04241127148270607,
        0.042384739965200424,
        0.04240139573812485,
        0.04244370758533478,
        0.042465582489967346,
        0.04237290844321251,
        0.04235661029815674,
        0.04239172488451004,
        0.04234301671385765,
        0.04235117509961128,
        0.0424032062292099,
        0.04233953356742859,
        0.0423375740647316,
        0.04238764941692352,
        0.04231606423854828,
        0.04239917919039726,
        0.042310554534196854,
        0.042325153946876526,
        0.04229073226451874,
        0.042321838438510895,
        0.042347460985183716,
        0.04229443147778511,
        0.04232224076986313,
        0.04228939116001129,
        0.04232688993215561,
        0.04231840744614601,
        0.042294517159461975
    ],
    "val_loss": [
        0.04775496944785118,
        0.047247514128685,
        0.0479116328060627,
        0.051370102912187576,
        0.0458269864320755,
        0.04687400907278061,
        0.04543882980942726,
        0.045093100517988205,
        0.04834365472197533,
        0.04571867361664772,
        0.04508926719427109,
        0.04523994028568268,
        0.04481018707156181,
        0.04486453905701637,
        0.04521938040852547,
        0.04490821063518524,
        0.04497510939836502,
        0.04477909207344055,
        0.04484331235289574,
        0.04479231685400009,
        0.04469660297036171,
        0.044709861278533936,
        0.04511595144867897,
        0.044892940670251846,
        0.044763002544641495,
        0.04469682276248932,
        0.04495968669652939,
        0.0449451245367527,
        0.044938329607248306,
        0.044958896934986115,
        0.04464973509311676,
        0.04485931620001793,
        0.04495163634419441,
        0.044729337096214294,
        0.04479915648698807,
        0.04490043222904205,
        0.04484868422150612,
        0.04520562291145325,
        0.04475832358002663,
        0.0447411835193634,
        0.04499930515885353,
        0.04488012194633484,
        0.044762782752513885,
        0.04492751136422157,
        0.044924478977918625,
        0.044755399227142334,
        0.044931549578905106,
        0.04471375793218613,
        0.04492196813225746,
        0.04476339370012283,
        0.04487131908535957,
        0.04500579833984375,
        0.04477906599640846,
        0.04487665742635727,
        0.04475294426083565,
        0.04493303596973419,
        0.04486970975995064,
        0.044851597398519516,
        0.044723931699991226,
        0.04473758488893509,
        0.04474454000592232
    ]
}