{
    "loss": [
        0.09105110913515091,
        0.06228109821677208,
        0.055311087518930435,
        0.053506989032030106,
        0.051523223519325256,
        0.04895055666565895,
        0.048034943640232086,
        0.047153860330581665,
        0.04781988635659218,
        0.04626504331827164,
        0.04554618149995804,
        0.044919341802597046,
        0.04486195743083954,
        0.044785600155591965,
        0.04435774311423302,
        0.04363907128572464,
        0.043524809181690216,
        0.04336484149098396,
        0.04330858588218689,
        0.04333735629916191,
        0.042894396930933,
        0.042690210044384,
        0.04275780916213989,
        0.042836885899305344,
        0.042775705456733704,
        0.04251017048954964,
        0.04240797460079193,
        0.04238344728946686,
        0.042292457073926926,
        0.04219963774085045,
        0.04206552356481552,
        0.042069874703884125,
        0.0420498363673687,
        0.04205542430281639,
        0.041972603648900986,
        0.04195881262421608,
        0.04150925949215889,
        0.04179110750555992,
        0.04169167950749397,
        0.041360728442668915
    ],
    "val_loss": [
        0.07761421799659729,
        0.05913376808166504,
        0.05545897036790848,
        0.0613812692463398,
        0.05821527913212776,
        0.06247131526470184,
        0.06213543564081192,
        0.06409745663404465,
        0.05977306514978409,
        0.052344318479299545,
        0.05811832472681999,
        0.06258262693881989,
        0.05720719322562218,
        0.06295907497406006,
        0.05935121700167656,
        0.06118004024028778,
        0.062357284128665924,
        0.06052481010556221,
        0.06325326859951019,
        0.0649409219622612,
        0.05982767418026924,
        0.06253065168857574,
        0.05704450607299805,
        0.059015437960624695,
        0.06011384725570679,
        0.06124388426542282,
        0.061028432101011276,
        0.059614501893520355,
        0.06324897706508636,
        0.05850360542535782,
        0.06521747261285782,
        0.059050485491752625,
        0.0638996958732605,
        0.06259865313768387,
        0.06179514527320862,
        0.07106692343950272,
        0.060887619853019714,
        0.059818465262651443,
        0.060964565724134445,
        0.06221010535955429
    ]
}