{
    "loss": [
        0.11169171333312988,
        0.08328434824943542,
        0.08086691051721573,
        0.08057606965303421,
        0.07954412698745728,
        0.07798764109611511,
        0.07735926657915115,
        0.07734400033950806,
        0.07750699669122696,
        0.07691673934459686,
        0.0755174309015274,
        0.07493815571069717,
        0.07441164553165436,
        0.07382463663816452,
        0.07388662546873093,
        0.0726551041007042,
        0.07231134176254272,
        0.0722208321094513,
        0.07201415300369263,
        0.07190176099538803,
        0.07148868590593338,
        0.07143379002809525,
        0.07137950509786606,
        0.07141036540269852,
        0.07124096900224686,
        0.07110822945833206,
        0.07096592336893082,
        0.0707876980304718,
        0.07085182517766953,
        0.07083144783973694,
        0.07067989557981491,
        0.07068309187889099,
        0.07048121094703674,
        0.0705786645412445,
        0.07047579437494278,
        0.07034973800182343,
        0.07044150680303574,
        0.07038025557994843,
        0.07025671005249023,
        0.07003486156463623,
        0.0699644610285759,
        0.07008372247219086
    ],
    "val_loss": [
        0.08521885424852371,
        0.07956058531999588,
        0.07961071282625198,
        0.0842810869216919,
        0.07903271168470383,
        0.08110064268112183,
        0.08291949331760406,
        0.0814511626958847,
        0.07616109400987625,
        0.07805772125720978,
        0.07842869311571121,
        0.07595941424369812,
        0.07782137393951416,
        0.07787036150693893,
        0.0786844789981842,
        0.07772772014141083,
        0.07773357629776001,
        0.07842925190925598,
        0.0787760466337204,
        0.07908349484205246,
        0.07761043310165405,
        0.07805104553699493,
        0.07740312069654465,
        0.07912577688694,
        0.07728999108076096,
        0.07933409512042999,
        0.08056624233722687,
        0.07930784672498703,
        0.07952491194009781,
        0.08066095411777496,
        0.0790112093091011,
        0.07841581106185913,
        0.0792352482676506,
        0.07921931147575378,
        0.08007507026195526,
        0.07856032252311707,
        0.08128975331783295,
        0.07956434041261673,
        0.07883320748806,
        0.08064596354961395,
        0.08020266890525818,
        0.0789271891117096
    ]
}