{
    "loss": [
        0.1165660172700882,
        0.08339539915323257,
        0.07968202233314514,
        0.07816947996616364,
        0.07684096693992615,
        0.07452660799026489,
        0.07385918498039246,
        0.07188410311937332,
        0.07125086337327957,
        0.07067935913801193,
        0.06860189884901047,
        0.06846341490745544,
        0.06772219389677048,
        0.06793459504842758,
        0.06680194288492203,
        0.06634878367185593,
        0.06601595878601074,
        0.06618741899728775,
        0.06597350537776947,
        0.06577271223068237,
        0.06548634171485901,
        0.06545189768075943,
        0.06531676650047302,
        0.06541682034730911,
        0.06549162417650223,
        0.06505219638347626,
        0.0650038793683052,
        0.0649513304233551,
        0.06479945778846741,
        0.06487112492322922,
        0.06459014862775803,
        0.06469946354627609,
        0.06446048617362976,
        0.0643947646021843,
        0.0643082708120346,
        0.06448184698820114,
        0.06408391147851944,
        0.0641719251871109,
        0.06416597217321396
    ],
    "val_loss": [
        0.08094456791877747,
        0.07610803842544556,
        0.08420562744140625,
        0.08077965676784515,
        0.08660220354795456,
        0.07811864465475082,
        0.073177769780159,
        0.06942803412675858,
        0.06931167095899582,
        0.07101532071828842,
        0.07185140252113342,
        0.07177875936031342,
        0.07322698831558228,
        0.06976399570703506,
        0.07021614164113998,
        0.0693904235959053,
        0.07293891161680222,
        0.07110804319381714,
        0.06984784454107285,
        0.06949746608734131,
        0.07061278820037842,
        0.07116112858057022,
        0.07216862589120865,
        0.07139307260513306,
        0.07047104090452194,
        0.07455039024353027,
        0.0720089003443718,
        0.07035216689109802,
        0.07239731401205063,
        0.07230720669031143,
        0.07315351814031601,
        0.07296059280633926,
        0.0731239914894104,
        0.07438116520643234,
        0.07256978750228882,
        0.0714845135807991,
        0.07399673014879227,
        0.07160839438438416,
        0.0717073455452919
    ]
}