{
    "loss": [
        0.12437259405851364,
        0.07679121196269989,
        0.07090648263692856,
        0.06923643499612808,
        0.06733578443527222,
        0.06453002989292145,
        0.06387077271938324,
        0.062267009168863297,
        0.06169428676366806,
        0.06256464868783951,
        0.060241784900426865,
        0.0597354881465435,
        0.05978962406516075,
        0.0597572885453701,
        0.05926628038287163,
        0.05867362022399902,
        0.058609120547771454,
        0.058475859463214874,
        0.05862057954072952,
        0.058414388447999954,
        0.05802590772509575,
        0.05830913037061691,
        0.05819603428244591,
        0.058137550950050354,
        0.058022331446409225,
        0.05788559839129448,
        0.05808885768055916,
        0.05791212245821953,
        0.05811455100774765,
        0.05777379870414734,
        0.05806446075439453,
        0.0580049566924572,
        0.057801418006420135,
        0.057685744017362595,
        0.05784737691283226,
        0.05755937471985817,
        0.057704102247953415,
        0.057588543742895126,
        0.05766163393855095,
        0.057578884065151215,
        0.05730608478188515,
        0.05749838054180145,
        0.0574473962187767,
        0.05733007565140724,
        0.057600878179073334,
        0.05754980444908142,
        0.05735721439123154
    ],
    "val_loss": [
        0.08295663446187973,
        0.06693276762962341,
        0.06720023602247238,
        0.0691242665052414,
        0.06062253192067146,
        0.05934155732393265,
        0.05723930895328522,
        0.07197541743516922,
        0.06706911325454712,
        0.058067481964826584,
        0.05805942043662071,
        0.05734054371714592,
        0.05791497603058815,
        0.06005960330367088,
        0.05768023058772087,
        0.06402131170034409,
        0.05708443745970726,
        0.057652298361063004,
        0.06137155741453171,
        0.060937948524951935,
        0.05976956710219383,
        0.05939260125160217,
        0.0604638047516346,
        0.06277024000883102,
        0.06476190686225891,
        0.0627293512225151,
        0.06231846287846565,
        0.05709417164325714,
        0.060128916054964066,
        0.05837906897068024,
        0.06215094029903412,
        0.05850783735513687,
        0.06393364816904068,
        0.0604134202003479,
        0.059253185987472534,
        0.06064804270863533,
        0.06527650356292725,
        0.06170069798827171,
        0.05969221144914627,
        0.06156068295240402,
        0.0608956404030323,
        0.05954409018158913,
        0.06013166159391403,
        0.06258862465620041,
        0.06028071418404579,
        0.05955148860812187,
        0.06131911277770996
    ]
}