{
    "loss": [
        0.2132679522037506,
        0.10667873919010162,
        0.07989466190338135,
        0.07231160998344421,
        0.06850185990333557,
        0.0529332309961319,
        0.0534956231713295,
        0.04627394676208496,
        0.04200552776455879,
        0.04036502167582512,
        0.02374035120010376,
        0.02106323465704918,
        0.02115638554096222,
        0.02102123200893402,
        0.019590556621551514,
        0.016701070591807365,
        0.01647309400141239,
        0.01632189191877842,
        0.01599602773785591,
        0.016192657873034477,
        0.014978596940636635,
        0.015522330068051815,
        0.015446842648088932,
        0.01501484215259552,
        0.015122683718800545,
        0.014953901059925556,
        0.014936101622879505,
        0.014288020320236683,
        0.014820712618529797,
        0.014249864965677261,
        0.014617168344557285,
        0.014135328121483326,
        0.013793166726827621,
        0.014129327610135078,
        0.014416695572435856,
        0.013646012172102928,
        0.014158573001623154,
        0.013722741045057774,
        0.014363681897521019,
        0.013657083734869957,
        0.013796263374388218,
        0.014076780527830124,
        0.013058020733296871,
        0.014036118984222412,
        0.013410890474915504,
        0.013159729540348053,
        0.012865548953413963,
        0.012956754304468632,
        0.015078543685376644,
        0.012905621901154518,
        0.012867291457951069,
        0.013727382756769657,
        0.013367068022489548,
        0.012734990566968918,
        0.012956636026501656,
        0.012671535834670067,
        0.013705387711524963,
        0.012390502728521824,
        0.01267253328114748,
        0.013605603016912937,
        0.012797013856470585,
        0.01323001179844141,
        0.012554919347167015,
        0.012364302761852741,
        0.013124510645866394,
        0.012896471656858921,
        0.012842385098338127,
        0.013442390598356724,
        0.012106653302907944
    ],
    "val_loss": [
        0.20371060073375702,
        0.10318915545940399,
        0.09454396367073059,
        0.08964063972234726,
        0.07288207113742828,
        0.08090873807668686,
        0.06740184128284454,
        0.05801485478878021,
        0.0637287124991417,
        0.04654259979724884,
        0.03985084220767021,
        0.040432002395391464,
        0.0404571034014225,
        0.04667801409959793,
        0.03321940824389458,
        0.0326097197830677,
        0.03134530037641525,
        0.030207527801394463,
        0.030680730938911438,
        0.03036441095173359,
        0.03193030133843422,
        0.0322076641023159,
        0.031386394053697586,
        0.03396521881222725,
        0.034491751343011856,
        0.028788624331355095,
        0.030992375686764717,
        0.03806078061461449,
        0.02813374251127243,
        0.03257213532924652,
        0.0321606807410717,
        0.031446684151887894,
        0.029742160812020302,
        0.03125501051545143,
        0.03902553766965866,
        0.03191327303647995,
        0.03263596445322037,
        0.029312625527381897,
        0.02603664994239807,
        0.02991068921983242,
        0.035218093544244766,
        0.02817937359213829,
        0.03395979478955269,
        0.036551397293806076,
        0.029553912580013275,
        0.03526739776134491,
        0.032862432301044464,
        0.02854083850979805,
        0.029934657737612724,
        0.029680093750357628,
        0.02938256785273552,
        0.030581248924136162,
        0.02760523557662964,
        0.03174849972128868,
        0.035102710127830505,
        0.026867114007472992,
        0.03211663290858269,
        0.038100436329841614,
        0.030306711792945862,
        0.026775231584906578,
        0.028355149552226067,
        0.03443798050284386,
        0.028709731996059418,
        0.026632050052285194,
        0.049723006784915924,
        0.02659410797059536,
        0.027782471850514412,
        0.03275980427861214,
        0.03198947757482529
    ]
}