{
    "loss": [
        0.09249147772789001,
        0.06273478269577026,
        0.05734751373529434,
        0.055505093187093735,
        0.05353911966085434,
        0.050592195242643356,
        0.05019399896264076,
        0.04930628463625908,
        0.04895913973450661,
        0.04821491613984108,
        0.046514321118593216,
        0.04646420106291771,
        0.04590017721056938,
        0.04568126052618027,
        0.04530566930770874,
        0.044860951602458954,
        0.04463699460029602,
        0.04457111284136772,
        0.044561658054590225,
        0.044451892375946045,
        0.04401278495788574,
        0.0442301370203495,
        0.0439617894589901,
        0.044071510434150696,
        0.04398840665817261,
        0.043895017355680466,
        0.04387405514717102,
        0.04376339539885521,
        0.04371355473995209,
        0.043798621743917465,
        0.043677616864442825,
        0.043591104447841644,
        0.043717190623283386,
        0.04363981634378433,
        0.04344134405255318,
        0.04338432475924492,
        0.04344388097524643,
        0.04345257952809334,
        0.043208714574575424,
        0.04331890493631363,
        0.043161168694496155,
        0.04313076287508011,
        0.04307537153363228,
        0.04316183924674988,
        0.04293571040034294,
        0.04301466420292854,
        0.042792532593011856,
        0.042950984090566635,
        0.042745012789964676,
        0.04291416332125664,
        0.04281852766871452,
        0.04274880886077881,
        0.04283730685710907,
        0.042648740112781525,
        0.04262540116906166,
        0.042474646121263504,
        0.042495790868997574,
        0.042525067925453186,
        0.042401522397994995,
        0.04246687889099121
    ],
    "val_loss": [
        0.06422291696071625,
        0.05985257029533386,
        0.058438289910554886,
        0.05435541272163391,
        0.06086938455700874,
        0.06199779361486435,
        0.05092174559831619,
        0.06326137483119965,
        0.052957575768232346,
        0.06036204472184181,
        0.0525776706635952,
        0.054530348628759384,
        0.0500817634165287,
        0.05182419717311859,
        0.05010340362787247,
        0.05200643092393875,
        0.05134662985801697,
        0.0548177994787693,
        0.05630382150411606,
        0.05129294842481613,
        0.05143754556775093,
        0.052602946758270264,
        0.049860015511512756,
        0.050260551273822784,
        0.052672870457172394,
        0.05313952639698982,
        0.05424829572439194,
        0.05079760029911995,
        0.05225055664777756,
        0.04965720698237419,
        0.052836038172245026,
        0.05486394837498665,
        0.052150774747133255,
        0.05407986789941788,
        0.053206708282232285,
        0.05292212590575218,
        0.054413873702287674,
        0.05060708522796631,
        0.05367652326822281,
        0.053275469690561295,
        0.05095524713397026,
        0.05328115075826645,
        0.05243365094065666,
        0.05371435359120369,
        0.05175473541021347,
        0.053166165947914124,
        0.05048302933573723,
        0.05301903933286667,
        0.051508743315935135,
        0.05291873589158058,
        0.053037114441394806,
        0.05134202167391777,
        0.05057576671242714,
        0.05262642726302147,
        0.05099879205226898,
        0.05148623511195183,
        0.05330493673682213,
        0.05067886784672737,
        0.051341746002435684,
        0.05270370841026306
    ]
}