{
    "loss": [
        0.12641467154026031,
        0.0761180892586708,
        0.07150954753160477,
        0.06741154938936234,
        0.06524506211280823,
        0.061651285737752914,
        0.06088903546333313,
        0.060568030923604965,
        0.06067401170730591,
        0.060053225606679916,
        0.0592375323176384,
        0.05909617990255356,
        0.058935798704624176,
        0.05892067030072212,
        0.05881951376795769,
        0.058349501341581345,
        0.05841442942619324,
        0.05828328803181648,
        0.05820896103978157,
        0.05822054296731949,
        0.058059290051460266,
        0.05812956765294075,
        0.05797864869236946,
        0.05799100175499916,
        0.05802612751722336,
        0.057986315339803696,
        0.0579480342566967,
        0.057949889451265335,
        0.05794089287519455,
        0.0579867884516716,
        0.057864442467689514,
        0.05781528353691101,
        0.05789312720298767,
        0.05780656635761261,
        0.05777335166931152,
        0.05773312598466873,
        0.057752322405576706,
        0.05760250240564346,
        0.057622235268354416,
        0.057668522000312805,
        0.05760883912444115,
        0.05761265754699707,
        0.05753212422132492,
        0.05758816748857498,
        0.057557836174964905,
        0.05757607892155647,
        0.057482268661260605,
        0.05749348923563957,
        0.05743496119976044,
        0.05737801268696785,
        0.057476677000522614,
        0.05722218006849289,
        0.05727154761552811,
        0.05749094858765602,
        0.0572969876229763,
        0.05733618885278702,
        0.05720004439353943,
        0.05729587748646736
    ],
    "val_loss": [
        0.07716841250658035,
        0.06800380349159241,
        0.06960765272378922,
        0.0710257813334465,
        0.06213676184415817,
        0.05996239185333252,
        0.0597846545279026,
        0.058235399425029755,
        0.05835563316941261,
        0.06080160662531853,
        0.06626831740140915,
        0.05943671241402626,
        0.05701775848865509,
        0.06625726819038391,
        0.05828792229294777,
        0.06265877932310104,
        0.062354203313589096,
        0.058482516556978226,
        0.05690030753612518,
        0.0641593486070633,
        0.06131138652563095,
        0.06007535755634308,
        0.05838640034198761,
        0.06331532448530197,
        0.05740049108862877,
        0.06136399134993553,
        0.05806303024291992,
        0.055636391043663025,
        0.059695880860090256,
        0.060068920254707336,
        0.05939434841275215,
        0.0631374642252922,
        0.061733558773994446,
        0.060139745473861694,
        0.05822073668241501,
        0.0610952228307724,
        0.060180213302373886,
        0.05886751785874367,
        0.062437158077955246,
        0.060310784727334976,
        0.062360040843486786,
        0.056664180010557175,
        0.05718532204627991,
        0.05781792476773262,
        0.05715459957718849,
        0.05957077816128731,
        0.0585268996655941,
        0.060553524643182755,
        0.06038099154829979,
        0.05998309329152107,
        0.060445740818977356,
        0.060557786375284195,
        0.06116222217679024,
        0.06122590973973274,
        0.05901922658085823,
        0.056570012122392654,
        0.06224504113197327,
        0.061478424817323685
    ]
}