{
    "loss": [
        0.11434995383024216,
        0.08316180109977722,
        0.07581420987844467,
        0.07775706797838211,
        0.07307642698287964,
        0.06945310533046722,
        0.06947023421525955,
        0.06859704852104187,
        0.067513108253479,
        0.06743652373552322,
        0.06554007530212402,
        0.06586994230747223,
        0.06504879146814346,
        0.06458508968353271,
        0.06449729949235916,
        0.06297463923692703,
        0.06275907903909683,
        0.062231894582509995,
        0.06215919926762581,
        0.061765655875205994,
        0.06113322079181671,
        0.06137411668896675,
        0.061414338648319244,
        0.06112312898039818,
        0.06086771562695503,
        0.06088164076209068,
        0.060918327420949936,
        0.060767605900764465,
        0.06073196977376938,
        0.06052739545702934,
        0.06252789497375488,
        0.0605413019657135,
        0.05987219139933586,
        0.05993003025650978,
        0.059676166623830795,
        0.05974722281098366,
        0.05968152731657028,
        0.059840574860572815,
        0.05930884927511215,
        0.05975225940346718,
        0.0597071535885334,
        0.05943236127495766,
        0.062142278999090195,
        0.059474777430295944,
        0.05914466455578804,
        0.05908726155757904,
        0.05904833599925041
    ],
    "val_loss": [
        0.08151007443666458,
        0.07152098417282104,
        0.07496202737092972,
        0.0831732526421547,
        0.06891240179538727,
        0.07314524799585342,
        0.06857500225305557,
        0.06768646091222763,
        0.07185514271259308,
        0.06907624751329422,
        0.06813715398311615,
        0.06650310009717941,
        0.06734506785869598,
        0.06624708324670792,
        0.06789658963680267,
        0.0665772333741188,
        0.06421040743589401,
        0.06563128530979156,
        0.06682993471622467,
        0.06500758230686188,
        0.06522755324840546,
        0.06431795656681061,
        0.06654614955186844,
        0.06442657858133316,
        0.06809636950492859,
        0.06618945300579071,
        0.0660872608423233,
        0.0680295079946518,
        0.06618832796812057,
        0.06533422321081161,
        0.06842624396085739,
        0.06689836084842682,
        0.066224604845047,
        0.06662237644195557,
        0.06783054023981094,
        0.06542970985174179,
        0.06802330911159515,
        0.0675133615732193,
        0.06761056929826736,
        0.0652482733130455,
        0.06630460917949677,
        0.06452267616987228,
        0.06766807287931442,
        0.064234159886837,
        0.06590814143419266,
        0.06742290407419205,
        0.06567005813121796
    ]
}