{
    "loss": [
        0.11472675949335098,
        0.09064921736717224,
        0.08951036632061005,
        0.0884665846824646,
        0.08804991841316223,
        0.08674532920122147,
        0.08652043342590332,
        0.08627096563577652,
        0.08602338284254074,
        0.08576261252164841,
        0.08513099700212479,
        0.08501061052083969,
        0.0849073976278305,
        0.08498428016901016,
        0.08472830057144165,
        0.08451750874519348,
        0.08448178321123123,
        0.08446409553289413,
        0.08436815440654755,
        0.0843503549695015,
        0.08422718942165375,
        0.08432651311159134,
        0.08427011966705322,
        0.0842311754822731,
        0.0842677503824234,
        0.08420898020267487,
        0.08421862125396729,
        0.08414947241544724,
        0.08417874574661255,
        0.08416614681482315,
        0.08413739502429962,
        0.0840219259262085,
        0.08412827551364899,
        0.08405626565217972,
        0.08394964784383774,
        0.08405471593141556,
        0.0839574933052063,
        0.08397503942251205,
        0.0839691236615181,
        0.08394788205623627,
        0.08388859778642654,
        0.08394099771976471,
        0.0838790312409401,
        0.08386468887329102,
        0.08388865739107132,
        0.08376263827085495,
        0.08373495191335678,
        0.08390628546476364,
        0.08380379527807236
    ],
    "val_loss": [
        0.08356816321611404,
        0.08483866602182388,
        0.08955972641706467,
        0.08572061359882355,
        0.08644429594278336,
        0.08608893305063248,
        0.08371278643608093,
        0.08539427071809769,
        0.0851958766579628,
        0.08434519916772842,
        0.08393073081970215,
        0.08618874102830887,
        0.08482499420642853,
        0.08384396880865097,
        0.08411071449518204,
        0.08505720645189285,
        0.08615037798881531,
        0.08384636789560318,
        0.08245176821947098,
        0.08585626631975174,
        0.08542853593826294,
        0.0840366780757904,
        0.08497974276542664,
        0.08465275168418884,
        0.08390350639820099,
        0.08536668866872787,
        0.08579838275909424,
        0.08516762405633926,
        0.0844344049692154,
        0.08526860177516937,
        0.08369565010070801,
        0.08608373254537582,
        0.0855705738067627,
        0.08480963110923767,
        0.08277004212141037,
        0.08602146804332733,
        0.08407814055681229,
        0.08578953891992569,
        0.08518411964178085,
        0.0864696353673935,
        0.08909383416175842,
        0.08578164875507355,
        0.08472701907157898,
        0.08636607229709625,
        0.08459934592247009,
        0.08559167385101318,
        0.08578965067863464,
        0.08407792448997498,
        0.08559054136276245
    ]
}