{
    "loss": [
        0.06433560699224472,
        0.04595964401960373,
        0.04597439244389534,
        0.045532967895269394,
        0.04521900787949562,
        0.04446885362267494,
        0.044294703751802444,
        0.04434032365679741,
        0.044354479759931564,
        0.04423769563436508,
        0.0438755564391613,
        0.04378224536776543,
        0.04374893382191658,
        0.043712932616472244,
        0.04365469142794609,
        0.04345862939953804,
        0.04343945160508156,
        0.0434204563498497,
        0.043441999703645706,
        0.04342883080244064,
        0.04330780357122421,
        0.04334953799843788,
        0.04338565841317177,
        0.04332199692726135,
        0.04333588853478432,
        0.043303702026605606,
        0.04331590607762337,
        0.04329230636358261,
        0.043282169848680496,
        0.04326944053173065,
        0.04331974685192108,
        0.043296415358781815,
        0.04326237365603447,
        0.04329235851764679,
        0.0432424321770668,
        0.0432332381606102,
        0.043255776166915894,
        0.043228134512901306,
        0.043240681290626526,
        0.04319949075579643,
        0.043186891824007034,
        0.04319628328084946,
        0.0431961752474308,
        0.043205976486206055,
        0.04318809136748314,
        0.04316886514425278,
        0.04319225996732712,
        0.04318547248840332,
        0.04315866529941559,
        0.04315153881907463,
        0.043164972215890884,
        0.04319402575492859,
        0.04315399006009102,
        0.043153394013643265,
        0.043145615607500076,
        0.04316394403576851,
        0.043108854442834854,
        0.04315575212240219,
        0.04314301535487175,
        0.04315368831157684,
        0.04311522841453552,
        0.04313785955309868,
        0.043147388845682144,
        0.043144430965185165,
        0.04312634468078613,
        0.043097760528326035,
        0.0431150458753109,
        0.04312829300761223,
        0.043099019676446915,
        0.04309723898768425,
        0.04311070591211319,
        0.04314044490456581,
        0.043118368834257126,
        0.043092671781778336,
        0.043112773448228836,
        0.043100371956825256,
        0.0431085079908371,
        0.04312536120414734,
        0.043127305805683136,
        0.043128449469804764,
        0.04308871179819107,
        0.04308902099728584,
        0.043088123202323914
    ],
    "val_loss": [
        0.04627881571650505,
        0.045644596219062805,
        0.04682056978344917,
        0.04454372078180313,
        0.04493696242570877,
        0.043437425047159195,
        0.043940383940935135,
        0.04393626004457474,
        0.043299417942762375,
        0.0435183122754097,
        0.04305359348654747,
        0.04300115257501602,
        0.043366365134716034,
        0.043745070695877075,
        0.04329004883766174,
        0.04320954531431198,
        0.043257713317871094,
        0.04307296499609947,
        0.043118856847286224,
        0.04304666817188263,
        0.04306313022971153,
        0.04299257695674896,
        0.04346513748168945,
        0.043011486530303955,
        0.04289844632148743,
        0.042980436235666275,
        0.04304709658026695,
        0.04295763000845909,
        0.042858123779296875,
        0.043033238500356674,
        0.04317379742860794,
        0.04310832545161247,
        0.042962584644556046,
        0.042871322482824326,
        0.042853061109781265,
        0.04299347847700119,
        0.04281977564096451,
        0.04277237132191658,
        0.04281085357069969,
        0.042840540409088135,
        0.04283728823065758,
        0.042865924537181854,
        0.042849015444517136,
        0.04280542582273483,
        0.043009597808122635,
        0.04282263293862343,
        0.04289349168539047,
        0.04283752664923668,
        0.0430276058614254,
        0.04286442697048187,
        0.04282989352941513,
        0.04278652369976044,
        0.042771968990564346,
        0.04293742775917053,
        0.04317343607544899,
        0.04282049089670181,
        0.04295452684164047,
        0.042983174324035645,
        0.04303683713078499,
        0.04283623769879341,
        0.04285911098122597,
        0.043084532022476196,
        0.042803145945072174,
        0.04297002777457237,
        0.042786821722984314,
        0.04289168119430542,
        0.042871490120887756,
        0.04285016655921936,
        0.04279154911637306,
        0.04299464076757431,
        0.042919620871543884,
        0.04283222183585167,
        0.042827263474464417,
        0.04279590770602226,
        0.0427999421954155,
        0.04309092462062836,
        0.04299212992191315,
        0.042807385325431824,
        0.04280200973153114,
        0.04283812642097473,
        0.04291835427284241,
        0.04278716444969177,
        0.042953018099069595
    ]
}