{
    "loss": [
        0.1128048375248909,
        0.06867732852697372,
        0.06227506324648857,
        0.05958179011940956,
        0.055776260793209076,
        0.05272684618830681,
        0.05170498043298721,
        0.05097315087914467,
        0.05019606649875641,
        0.049373745918273926,
        0.047832656651735306,
        0.047105822712183,
        0.046507883816957474,
        0.04609086364507675,
        0.0459793396294117,
        0.04479912668466568,
        0.04470478743314743,
        0.04459606111049652,
        0.04436665028333664,
        0.04431305453181267,
        0.04336829110980034,
        0.043320707976818085,
        0.043328262865543365,
        0.04315797612071037,
        0.042628467082977295,
        0.042754411697387695,
        0.04243263602256775,
        0.042232614010572433,
        0.04204975813627243,
        0.04197322577238083,
        0.04189691320061684,
        0.04156069830060005,
        0.04167511686682701,
        0.041402366012334824,
        0.041197456419467926,
        0.041075702756643295,
        0.041243840008974075,
        0.040879637002944946,
        0.04085605591535568,
        0.040462419390678406,
        0.040536001324653625,
        0.04038088023662567,
        0.04014725983142853,
        0.04009828716516495,
        0.040389787405729294,
        0.040166568011045456,
        0.0400216169655323,
        0.040005676448345184,
        0.0396001897752285
    ],
    "val_loss": [
        0.07007097452878952,
        0.06015652045607567,
        0.05680146813392639,
        0.060936011373996735,
        0.05371962487697601,
        0.05681556835770607,
        0.05396730452775955,
        0.055931203067302704,
        0.05206277221441269,
        0.05206916108727455,
        0.0564965195953846,
        0.05176844820380211,
        0.05240263417363167,
        0.05645104497671127,
        0.058721162378787994,
        0.05467303842306137,
        0.05774173513054848,
        0.05937578156590462,
        0.05079124867916107,
        0.051726385951042175,
        0.05272543802857399,
        0.06703485548496246,
        0.05615992471575737,
        0.053002532571554184,
        0.054367151111364365,
        0.055341437458992004,
        0.05353007838129997,
        0.054496992379426956,
        0.05501890927553177,
        0.06038723513484001,
        0.05394723266363144,
        0.0550178624689579,
        0.05253532901406288,
        0.057393964380025864,
        0.05517122894525528,
        0.0544564351439476,
        0.056891102343797684,
        0.05326450243592262,
        0.05660565197467804,
        0.05882319435477257,
        0.05550156906247139,
        0.06066586822271347,
        0.05668079853057861,
        0.05584898963570595,
        0.05508444830775261,
        0.05619632080197334,
        0.05575075000524521,
        0.0569886639714241,
        0.053899601101875305
    ]
}