{
    "loss": [
        0.0801774263381958,
        0.059994813054800034,
        0.056635912507772446,
        0.05366324633359909,
        0.05194627493619919,
        0.04950936511158943,
        0.04867154732346535,
        0.048289231956005096,
        0.04800999164581299,
        0.04732790216803551,
        0.045884326100349426,
        0.0457538366317749,
        0.04546539485454559,
        0.045315440744161606,
        0.04520563408732414,
        0.04424476623535156,
        0.044072479009628296,
        0.04403737559914589,
        0.04409546032547951,
        0.04394957423210144,
        0.04338311031460762,
        0.043474312871694565,
        0.043345313519239426,
        0.04323339834809303,
        0.04314948990941048,
        0.04311166703701019,
        0.04304046183824539,
        0.04281875118613243,
        0.0428018793463707,
        0.042878180742263794,
        0.04265477508306503,
        0.04253625497221947,
        0.04250515624880791,
        0.04244937002658844,
        0.042300641536712646,
        0.04222452640533447,
        0.042197082191705704,
        0.042320143431425095,
        0.04202007129788399,
        0.042226530611515045,
        0.04192246124148369,
        0.04181242361664772,
        0.041720855981111526,
        0.04169277846813202,
        0.04163840413093567,
        0.04153410345315933,
        0.04163911193609238,
        0.04194622114300728,
        0.041851919144392014,
        0.04191204160451889,
        0.04155777394771576,
        0.04166601970791817,
        0.041468288749456406
    ],
    "val_loss": [
        0.06853676587343216,
        0.06525657325983047,
        0.06377211958169937,
        0.05288124084472656,
        0.053663138300180435,
        0.05503980815410614,
        0.05429486185312271,
        0.054489847272634506,
        0.05570735037326813,
        0.0538349375128746,
        0.053717922419309616,
        0.05271058902144432,
        0.05219247192144394,
        0.05703103169798851,
        0.05402959883213043,
        0.053219012916088104,
        0.0535636804997921,
        0.05223747342824936,
        0.05184659734368324,
        0.05361957103013992,
        0.053979240357875824,
        0.05493515729904175,
        0.05135837569832802,
        0.05229533836245537,
        0.05368361622095108,
        0.053613919764757156,
        0.0523284450173378,
        0.05301114544272423,
        0.05285855382680893,
        0.05219918116927147,
        0.053333792835474014,
        0.055007100105285645,
        0.05292532220482826,
        0.053009264171123505,
        0.05595405772328377,
        0.055118486285209656,
        0.05206526070833206,
        0.053219325840473175,
        0.05397873371839523,
        0.05673184618353844,
        0.05303991585969925,
        0.05324644595384598,
        0.053578104823827744,
        0.05280332639813423,
        0.053944285959005356,
        0.05281146243214607,
        0.05294642969965935,
        0.05389203503727913,
        0.05414561927318573,
        0.05378374457359314,
        0.05600352585315704,
        0.0527348630130291,
        0.054445765912532806
    ]
}