{
    "loss": [
        0.11777644604444504,
        0.07622486352920532,
        0.0709676742553711,
        0.06884977966547012,
        0.0680362731218338,
        0.06481781601905823,
        0.06496933847665787,
        0.06452886760234833,
        0.06413689255714417,
        0.06387113034725189,
        0.06255006045103073,
        0.06249860301613808,
        0.06218314170837402,
        0.06207168847322464,
        0.06228012964129448,
        0.0615791380405426,
        0.06152646243572235,
        0.06151703745126724,
        0.0614151656627655,
        0.06146564707159996,
        0.06108749657869339,
        0.06118914112448692,
        0.06124279648065567,
        0.06113072484731674,
        0.06101421266794205,
        0.061051733791828156,
        0.06087561696767807,
        0.06113468110561371,
        0.06086091324687004,
        0.06083028018474579,
        0.060875263065099716,
        0.06095142662525177
    ],
    "val_loss": [
        0.0832153782248497,
        0.07724183797836304,
        0.08925569802522659,
        0.10030380636453629,
        0.08876819908618927,
        0.09559883177280426,
        0.09733819216489792,
        0.09505495429039001,
        0.10214266926050186,
        0.09284290671348572,
        0.08521769940853119,
        0.09386123716831207,
        0.09659767150878906,
        0.100679911673069,
        0.09265899658203125,
        0.09857678413391113,
        0.09385757148265839,
        0.09979480504989624,
        0.09569656103849411,
        0.09454488754272461,
        0.0991813912987709,
        0.10134905576705933,
        0.09592471271753311,
        0.09441093355417252,
        0.09401335567235947,
        0.09172175824642181,
        0.09555025398731232,
        0.09515094757080078,
        0.09662788361310959,
        0.09679227322340012,
        0.09030656516551971,
        0.0963621586561203
    ]
}