{
    "loss": [
        0.08650016784667969,
        0.05978550389409065,
        0.05650724843144417,
        0.05448251590132713,
        0.05245743691921234,
        0.0502169243991375,
        0.0494653657078743,
        0.048645395785570145,
        0.047892555594444275,
        0.04772832617163658,
        0.046202436089515686,
        0.04591342806816101,
        0.04560194909572601,
        0.045678235590457916,
        0.04500314220786095,
        0.044506702572107315,
        0.044210415333509445,
        0.04424998536705971,
        0.04419105872511864,
        0.044021692126989365,
        0.04359986633062363,
        0.04372873157262802,
        0.04366669803857803,
        0.04365568980574608,
        0.04331764951348305,
        0.0432688407599926,
        0.043230291455984116,
        0.04319671913981438,
        0.04310884699225426,
        0.0431145504117012,
        0.04290289059281349,
        0.04325423017144203,
        0.04276762530207634,
        0.04279840365052223,
        0.0427701510488987,
        0.04269342124462128,
        0.04260079562664032,
        0.04247423633933067,
        0.04241983965039253,
        0.042488351464271545,
        0.04238148406147957,
        0.04242996126413345,
        0.042097654193639755,
        0.04220988601446152,
        0.0422247014939785,
        0.042159996926784515,
        0.04208515211939812,
        0.04193413630127907,
        0.042107485234737396,
        0.04209277778863907,
        0.042017415165901184,
        0.04196593910455704,
        0.04192584753036499,
        0.041875116527080536,
        0.041749730706214905,
        0.04184389486908913,
        0.041492167860269547,
        0.04168010875582695,
        0.0415288470685482,
        0.041574906557798386,
        0.04151558130979538,
        0.04145227372646332
    ],
    "val_loss": [
        0.06563566625118256,
        0.06362490355968475,
        0.05829143524169922,
        0.0625905990600586,
        0.05806190147995949,
        0.05455540120601654,
        0.058107659220695496,
        0.05828496441245079,
        0.055965572595596313,
        0.07415889203548431,
        0.05653592199087143,
        0.0546673908829689,
        0.055158525705337524,
        0.06153596192598343,
        0.05667887628078461,
        0.05557818338274956,
        0.05772599205374718,
        0.05656399205327034,
        0.06329959630966187,
        0.05608810856938362,
        0.0571063831448555,
        0.05879399925470352,
        0.05669638141989708,
        0.05894419550895691,
        0.061537064611911774,
        0.0635354146361351,
        0.05964906886219978,
        0.05790690332651138,
        0.05792500078678131,
        0.060965556651353836,
        0.0651923194527626,
        0.054346129298210144,
        0.05594653636217117,
        0.06003256514668465,
        0.059539228677749634,
        0.0670689195394516,
        0.0627017542719841,
        0.05867798253893852,
        0.056142307817935944,
        0.05814632773399353,
        0.057949248701334,
        0.06218831241130829,
        0.05519882217049599,
        0.06094956398010254,
        0.05932394787669182,
        0.0577583871781826,
        0.06551530212163925,
        0.05653180927038193,
        0.057286787778139114,
        0.06027316302061081,
        0.06163495406508446,
        0.059771470725536346,
        0.05907415598630905,
        0.06315093487501144,
        0.0560443289577961,
        0.06422001123428345,
        0.056940965354442596,
        0.05870269238948822,
        0.055731240659952164,
        0.05813662335276604,
        0.05984742194414139,
        0.05954281985759735
    ]
}