{
    "loss": [
        0.12028323113918304,
        0.08931965380907059,
        0.08594080060720444,
        0.08399131149053574,
        0.082637719810009,
        0.08020421862602234,
        0.08051901310682297,
        0.07926470786333084,
        0.07930706441402435,
        0.07847565412521362,
        0.07785140722990036,
        0.07773125916719437,
        0.07751592248678207,
        0.07747422903776169,
        0.07713845372200012,
        0.07696975022554398,
        0.07687781751155853,
        0.07680536806583405,
        0.07663190364837646,
        0.07674878090620041,
        0.07657936960458755,
        0.07669047266244888,
        0.07656066864728928,
        0.0764886811375618,
        0.07649970054626465,
        0.07643532007932663,
        0.0764060765504837,
        0.0763886347413063,
        0.07632726430892944,
        0.07635816931724548,
        0.07637444138526917,
        0.07629675418138504,
        0.07614073157310486,
        0.07625436782836914,
        0.07623913139104843,
        0.07606830447912216,
        0.07620547711849213,
        0.07608211040496826,
        0.07616137713193893,
        0.07615368813276291,
        0.07592105120420456,
        0.07607153058052063,
        0.07586200535297394,
        0.07587633281946182,
        0.0759025365114212,
        0.07589767873287201,
        0.07573709636926651
    ],
    "val_loss": [
        0.0875898227095604,
        0.0898876041173935,
        0.08150598406791687,
        0.07739579677581787,
        0.07798618823289871,
        0.07994987815618515,
        0.07939806580543518,
        0.07803371548652649,
        0.0785917192697525,
        0.07667480409145355,
        0.07654635608196259,
        0.07895032316446304,
        0.0782708078622818,
        0.07866960018873215,
        0.07763689756393433,
        0.07673212885856628,
        0.07634429633617401,
        0.07850386202335358,
        0.0766385942697525,
        0.07639370113611221,
        0.07659469544887543,
        0.07785666733980179,
        0.07761933654546738,
        0.07677090913057327,
        0.0776839554309845,
        0.07874427735805511,
        0.0780603438615799,
        0.07781177759170532,
        0.07837267965078354,
        0.07741612941026688,
        0.07758751511573792,
        0.07878271490335464,
        0.07670100778341293,
        0.07765272259712219,
        0.07700598239898682,
        0.0769219845533371,
        0.07944074273109436,
        0.07964220643043518,
        0.07794373482465744,
        0.07755584269762039,
        0.07857924699783325,
        0.07766023278236389,
        0.07987425476312637,
        0.07738874107599258,
        0.07740528881549835,
        0.07732520252466202,
        0.07732149213552475
    ]
}