{
    "loss": [
        0.09691737592220306,
        0.06397386640310287,
        0.05701315030455589,
        0.054282210767269135,
        0.05200742930173874,
        0.04853953421115875,
        0.04774727299809456,
        0.04677572473883629,
        0.04633810743689537,
        0.04613405093550682,
        0.04419460892677307,
        0.04433440417051315,
        0.04391426220536232,
        0.043416351079940796,
        0.043456174433231354,
        0.04248815029859543,
        0.042317405343055725,
        0.042412955313920975,
        0.042461492121219635,
        0.04240957647562027,
        0.04185107722878456,
        0.04219331592321396,
        0.04237882420420647,
        0.04197889566421509,
        0.04176442697644234,
        0.04161182418465614,
        0.041812118142843246,
        0.04167111590504646,
        0.041575971990823746,
        0.041447464376688004,
        0.04165579006075859,
        0.04142433777451515,
        0.041472163051366806,
        0.04150950908660889,
        0.04128729924559593,
        0.04144272953271866,
        0.04114043712615967,
        0.04124797135591507,
        0.041400447487831116,
        0.041046176105737686,
        0.041252538561820984
    ],
    "val_loss": [
        0.06968666613101959,
        0.06095299497246742,
        0.06039919704198837,
        0.05571446567773819,
        0.05883489176630974,
        0.06381186097860336,
        0.05662699043750763,
        0.06001630425453186,
        0.06207966059446335,
        0.06035878136754036,
        0.055166784673929214,
        0.05932116135954857,
        0.05891641974449158,
        0.06049591302871704,
        0.058307159692049026,
        0.05697767063975334,
        0.05702320113778114,
        0.061413999646902084,
        0.06032053381204605,
        0.06022998318076134,
        0.06061305105686188,
        0.056015193462371826,
        0.05728437006473541,
        0.05725184828042984,
        0.059001319110393524,
        0.05981030687689781,
        0.060760851949453354,
        0.06486520916223526,
        0.06089029461145401,
        0.05981820076704025,
        0.05701151117682457,
        0.060043815523386,
        0.05943436920642853,
        0.05804513767361641,
        0.05803000181913376,
        0.05914115905761719,
        0.060032762587070465,
        0.05880272760987282,
        0.061640217900276184,
        0.05914409086108208,
        0.05939583107829094
    ]
}