{
    "loss": [
        0.2183464616537094,
        0.21713568270206451,
        0.21799667179584503,
        0.21799400448799133,
        0.2179555743932724,
        0.21793463826179504,
        0.217764213681221,
        0.21745063364505768,
        0.21789789199829102,
        0.2172737568616867,
        0.21672669053077698,
        0.21770420670509338,
        0.21793347597122192,
        0.21792873740196228,
        0.21788470447063446,
        0.21792881190776825,
        0.21792544424533844,
        0.21792484819889069,
        0.21791906654834747,
        0.21786607801914215,
        0.2161952704191208,
        0.2154352217912674,
        0.21530309319496155,
        0.21525032818317413,
        0.21522194147109985,
        0.21521219611167908,
        0.21519304811954498,
        0.21516276895999908,
        0.21514128148555756,
        0.21786439418792725,
        0.21787963807582855,
        0.2177620381116867,
        0.21573881804943085,
        0.21524687111377716,
        0.21519966423511505,
        0.21516171097755432,
        0.21585902571678162,
        0.2153177261352539,
        0.2152324765920639,
        0.2179562747478485,
        0.21789972484111786
    ],
    "val_loss": [
        0.21982209384441376,
        0.22080573439598083,
        0.22081388533115387,
        0.22082027792930603,
        0.22083163261413574,
        0.2207852005958557,
        0.22063475847244263,
        0.22078970074653625,
        0.2207445651292801,
        0.21938316524028778,
        0.2155354917049408,
        0.2208298295736313,
        0.22089368104934692,
        0.22082361578941345,
        0.22075170278549194,
        0.22078865766525269,
        0.22080515325069427,
        0.22078481316566467,
        0.22077859938144684,
        0.22043868899345398,
        0.21869897842407227,
        0.21853359043598175,
        0.21844765543937683,
        0.21836869418621063,
        0.2183491438627243,
        0.2183515578508377,
        0.21831630170345306,
        0.2183351218700409,
        0.2181999683380127,
        0.2207827866077423,
        0.22076717019081116,
        0.22010537981987,
        0.2183791548013687,
        0.21835581958293915,
        0.2183045595884323,
        0.21837502717971802,
        0.21857677400112152,
        0.2184988409280777,
        0.21834735572338104,
        0.22078804671764374,
        0.22076575458049774
    ]
}