{
    "loss": [
        0.09370996057987213,
        0.07093880325555801,
        0.0675908625125885,
        0.06496884673833847,
        0.06296910345554352,
        0.06112947687506676,
        0.06080707162618637,
        0.05998171120882034,
        0.05954383313655853,
        0.058908164501190186,
        0.057834211736917496,
        0.057418614625930786,
        0.05705412104725838,
        0.05687003582715988,
        0.056942835450172424,
        0.0561295710504055,
        0.056088779121637344,
        0.05595744773745537,
        0.055970195680856705,
        0.0556710846722126,
        0.055387791246175766,
        0.055519722402095795,
        0.05529870092868805,
        0.05525434762239456,
        0.055264223366975784,
        0.05512015521526337,
        0.05521659925580025,
        0.05493714287877083,
        0.054795462638139725,
        0.05483214184641838,
        0.05480091646313667,
        0.054679643362760544,
        0.05467912554740906,
        0.05474546551704407,
        0.054567236453294754,
        0.05456000939011574,
        0.054529186338186264,
        0.05446789041161537,
        0.05454842001199722,
        0.054497018456459045,
        0.054486677050590515,
        0.0544692687690258,
        0.05441936105489731,
        0.054357461631298065,
        0.054341066628694534,
        0.05429821461439133,
        0.05438147112727165,
        0.0542888306081295,
        0.05432865023612976,
        0.05426480248570442,
        0.05435267090797424,
        0.0541987381875515,
        0.05422255024313927,
        0.05423463508486748,
        0.05414297431707382,
        0.054227326065301895,
        0.0543232262134552,
        0.05414985865354538,
        0.053973518311977386,
        0.05409444123506546,
        0.05410034954547882,
        0.05407797917723656,
        0.05407813563942909,
        0.0540488101541996,
        0.054038792848587036,
        0.0539301298558712,
        0.054001085460186005,
        0.054134342819452286,
        0.05397910624742508,
        0.05391651391983032,
        0.05399714410305023,
        0.053945790976285934,
        0.05393226817250252,
        0.054044660180807114,
        0.05397982522845268,
        0.0538809709250927,
        0.05414460226893425,
        0.05398975685238838,
        0.05388093367218971,
        0.053964413702487946,
        0.05384336784482002,
        0.053857676684856415
    ],
    "val_loss": [
        0.06839784979820251,
        0.06344164907932281,
        0.0612122006714344,
        0.057682327926158905,
        0.054166123270988464,
        0.05309490114450455,
        0.0578276664018631,
        0.06005869805812836,
        0.05385560914874077,
        0.0531136728823185,
        0.05258264020085335,
        0.05392879620194435,
        0.052572403103113174,
        0.0539400652050972,
        0.05499021336436272,
        0.05409055948257446,
        0.054624758660793304,
        0.05488802492618561,
        0.054621171206235886,
        0.055180806666612625,
        0.05292075499892235,
        0.05208218842744827,
        0.05237661302089691,
        0.05228215456008911,
        0.05277596786618233,
        0.057276010513305664,
        0.054128702729940414,
        0.052836824208498,
        0.05102386698126793,
        0.05193861573934555,
        0.05399780720472336,
        0.05623672902584076,
        0.05189679190516472,
        0.051189932972192764,
        0.05319622531533241,
        0.05256684869527817,
        0.05223522335290909,
        0.05137122422456741,
        0.05077632516622543,
        0.052050694823265076,
        0.05399155616760254,
        0.05235026404261589,
        0.05161697790026665,
        0.051091428846120834,
        0.05020463839173317,
        0.051079533994197845,
        0.053287312388420105,
        0.05284363031387329,
        0.05273417755961418,
        0.051531337201595306,
        0.052813317626714706,
        0.04996635764837265,
        0.05317479372024536,
        0.053343914449214935,
        0.05246426910161972,
        0.05121542885899544,
        0.053040653467178345,
        0.05061781033873558,
        0.05077902600169182,
        0.05150439590215683,
        0.0519668310880661,
        0.05154304578900337,
        0.0503363199532032,
        0.05180973559617996,
        0.05333208292722702,
        0.05412595346570015,
        0.05397007241845131,
        0.0533599853515625,
        0.05140259489417076,
        0.05163557082414627,
        0.05078032240271568,
        0.050603047013282776,
        0.052489448338747025,
        0.0513569712638855,
        0.05138259008526802,
        0.052008215337991714,
        0.050576481968164444,
        0.05246549844741821,
        0.05130986496806145,
        0.050895895808935165,
        0.05319196358323097,
        0.05292031168937683
    ]
}