{
    "loss": [
        0.09588178247213364,
        0.07362257689237595,
        0.07010374218225479,
        0.06726778298616409,
        0.06609567999839783,
        0.06423670053482056,
        0.06389319151639938,
        0.06342719495296478,
        0.06322222203016281,
        0.06322889775037766,
        0.06214124709367752,
        0.06202966719865799,
        0.061719924211502075,
        0.061727121472358704,
        0.06166105717420578,
        0.06106331944465637,
        0.061037998646497726,
        0.06127350777387619,
        0.06094934418797493,
        0.06106588616967201,
        0.06064509600400925,
        0.06088239699602127,
        0.060750026255846024,
        0.060670316219329834,
        0.06094543635845184,
        0.06071675941348076,
        0.060546305030584335,
        0.060580816119909286,
        0.060609154403209686,
        0.060486774891614914,
        0.060506001114845276,
        0.060501594096422195
    ],
    "val_loss": [
        0.09348738938570023,
        0.08344875276088715,
        0.08462924510240555,
        0.09611394256353378,
        0.09145783632993698,
        0.10256130993366241,
        0.09642171114683151,
        0.0917077288031578,
        0.104065902531147,
        0.10941367596387863,
        0.09710468351840973,
        0.09395396709442139,
        0.09974788874387741,
        0.1047908291220665,
        0.10469740629196167,
        0.09822763502597809,
        0.10197843611240387,
        0.10220859199762344,
        0.10075410455465317,
        0.10006970912218094,
        0.1012110784649849,
        0.09691246598958969,
        0.09975571185350418,
        0.09390182793140411,
        0.10006804019212723,
        0.10039809346199036,
        0.10039396584033966,
        0.10062673687934875,
        0.09828554838895798,
        0.09903811663389206,
        0.09603355824947357,
        0.10586017370223999
    ]
}