{
    "loss": [
        0.08407054841518402,
        0.07146327942609787,
        0.06971520930528641,
        0.06826699525117874,
        0.0678417906165123,
        0.06640886515378952,
        0.0661974772810936,
        0.06600997596979141,
        0.06577333062887192,
        0.06552258878946304,
        0.06486732512712479,
        0.06476248800754547,
        0.06461404263973236,
        0.06418734043836594,
        0.06413643062114716,
        0.06358318030834198,
        0.06351138651371002,
        0.06325957179069519,
        0.06323747336864471,
        0.06310322880744934,
        0.0627945214509964,
        0.06293031573295593,
        0.06286045163869858,
        0.06278551369905472,
        0.06273268908262253,
        0.06258175522089005,
        0.06270689517259598,
        0.06252259761095047,
        0.062458645552396774,
        0.06242138519883156,
        0.06228271499276161,
        0.06224842369556427,
        0.06214805319905281,
        0.062096692621707916
    ],
    "val_loss": [
        0.07859216630458832,
        0.0882943868637085,
        0.09377194941043854,
        0.07737269252538681,
        0.09240154922008514,
        0.09667603671550751,
        0.0842222198843956,
        0.08796211332082748,
        0.0864592045545578,
        0.09022734314203262,
        0.08621811121702194,
        0.08274904638528824,
        0.08825407922267914,
        0.09189611673355103,
        0.0840592235326767,
        0.08762586116790771,
        0.08937391638755798,
        0.08997785300016403,
        0.08778027445077896,
        0.08696762472391129,
        0.09000218659639359,
        0.08802702277898788,
        0.08821749687194824,
        0.09032142907381058,
        0.08998004347085953,
        0.09024469554424286,
        0.08737274259328842,
        0.08851825445890427,
        0.08705715090036392,
        0.09006326645612717,
        0.09030906111001968,
        0.09102711826562881,
        0.08525951951742172,
        0.09120761603116989
    ]
}