{
    "loss": [
        0.07971395552158356,
        0.05685790255665779,
        0.052832335233688354,
        0.050732530653476715,
        0.04961922764778137,
        0.04772000387310982,
        0.04718843847513199,
        0.0469687283039093,
        0.04646836966276169,
        0.04669364169239998,
        0.044859059154987335,
        0.044738441705703735,
        0.044614143669605255,
        0.044541098177433014,
        0.044304393231868744,
        0.043627411127090454,
        0.04351865127682686,
        0.04341505840420723,
        0.04324426129460335,
        0.043260205537080765,
        0.04284435138106346,
        0.043013423681259155,
        0.042861003428697586,
        0.04282304272055626,
        0.04263719171285629,
        0.04266552999615669,
        0.04269114136695862,
        0.04253922775387764,
        0.042636312544345856,
        0.0424555167555809,
        0.042444393038749695,
        0.04236317053437233,
        0.04222791641950607,
        0.04222917556762695,
        0.04224349930882454,
        0.04218302294611931,
        0.04218841716647148,
        0.04211997985839844,
        0.04221491888165474,
        0.04206634685397148,
        0.04204940050840378,
        0.04192443937063217,
        0.042022954672575,
        0.04199778661131859,
        0.04188824072480202,
        0.041822925209999084,
        0.041985590010881424,
        0.041716404259204865,
        0.04177313297986984
    ],
    "val_loss": [
        0.061522990465164185,
        0.05465618893504143,
        0.05601271614432335,
        0.05430542677640915,
        0.051215335726737976,
        0.054654914885759354,
        0.051386285573244095,
        0.05271086096763611,
        0.051854457706213,
        0.05331314727663994,
        0.05235012620687485,
        0.05344008281826973,
        0.05439166724681854,
        0.05255113169550896,
        0.05486343428492546,
        0.052435968071222305,
        0.05173533782362938,
        0.05308656021952629,
        0.05073416605591774,
        0.053717371076345444,
        0.052332520484924316,
        0.05177111551165581,
        0.052217718213796616,
        0.05339675396680832,
        0.05459935590624809,
        0.05283401161432266,
        0.05085540935397148,
        0.05183406174182892,
        0.05296153947710991,
        0.05081765726208687,
        0.051597755402326584,
        0.05420127883553505,
        0.05581460893154144,
        0.054454464465379715,
        0.052539099007844925,
        0.05235675349831581,
        0.05197732523083687,
        0.05226472392678261,
        0.053170595318078995,
        0.05200646072626114,
        0.05155454948544502,
        0.053081151098012924,
        0.051117926836013794,
        0.0518052913248539,
        0.05254156515002251,
        0.05230352282524109,
        0.05242619663476944,
        0.05097191035747528,
        0.05158304423093796
    ]
}