{
    "loss": [
        0.10737695544958115,
        0.07227873057126999,
        0.07068676501512527,
        0.07010448724031448,
        0.06956161558628082,
        0.06848451495170593,
        0.06829463690519333,
        0.06814682483673096,
        0.0678628534078598,
        0.06762322783470154,
        0.06701069325208664,
        0.06681434065103531,
        0.06656651198863983,
        0.06614209711551666,
        0.06521227955818176,
        0.06305412203073502,
        0.062000058591365814,
        0.06089897081255913,
        0.0600142776966095,
        0.059454984962940216,
        0.058820758014917374,
        0.058714572340250015,
        0.05841841548681259,
        0.05820973217487335,
        0.05813669413328171,
        0.057812221348285675,
        0.05787111446261406,
        0.057741329073905945,
        0.05781465768814087,
        0.057501815259456635,
        0.05759427696466446,
        0.0575336292386055,
        0.05754605308175087,
        0.05746445432305336,
        0.05732466280460358,
        0.057416774332523346,
        0.057134851813316345,
        0.05727117136120796,
        0.05733594670891762,
        0.057177163660526276,
        0.0571272149682045,
        0.05733975023031235,
        0.057128291577100754,
        0.05715509504079819,
        0.05725645273923874,
        0.05702582001686096,
        0.05700082704424858,
        0.05698602646589279,
        0.056873101741075516,
        0.05691424384713173,
        0.05685655027627945,
        0.05689980834722519,
        0.05666381120681763,
        0.05686664953827858,
        0.056507036089897156,
        0.05660324916243553,
        0.05663007125258446,
        0.05675448477268219,
        0.056412916630506516,
        0.056676771491765976,
        0.056509654968976974,
        0.056532878428697586,
        0.05646490305662155,
        0.05639123544096947,
        0.05649622902274132,
        0.056491900235414505,
        0.056279875338077545,
        0.056295134127140045,
        0.05643047019839287,
        0.05625012516975403,
        0.05635293573141098
    ],
    "val_loss": [
        0.07153654843568802,
        0.06802844256162643,
        0.0659266784787178,
        0.06795991957187653,
        0.06596405804157257,
        0.06465038657188416,
        0.06595516204833984,
        0.0641818568110466,
        0.06387010961771011,
        0.06384787708520889,
        0.0632874071598053,
        0.06293586641550064,
        0.06252910196781158,
        0.06159331649541855,
        0.06027789041399956,
        0.0586506687104702,
        0.05698849633336067,
        0.061269454658031464,
        0.059076059609651566,
        0.05889551341533661,
        0.05721979960799217,
        0.05550280958414078,
        0.05415811389684677,
        0.056477922946214676,
        0.054131340235471725,
        0.05842510610818863,
        0.057378996163606644,
        0.05582461506128311,
        0.05885396525263786,
        0.055755726993083954,
        0.0569763258099556,
        0.055546294897794724,
        0.055307574570178986,
        0.05955249443650246,
        0.055632516741752625,
        0.05636031553149223,
        0.058627258986234665,
        0.05899924784898758,
        0.05863199383020401,
        0.05790373682975769,
        0.05293111875653267,
        0.05711422860622406,
        0.0552891381084919,
        0.05562059208750725,
        0.05580393970012665,
        0.05396299064159393,
        0.05740451440215111,
        0.058254946023225784,
        0.0560360923409462,
        0.05831222981214523,
        0.06476771831512451,
        0.05435393005609512,
        0.05763906240463257,
        0.05832672864198685,
        0.056978825479745865,
        0.055667150765657425,
        0.05644351989030838,
        0.05374058708548546,
        0.057706162333488464,
        0.054672155529260635,
        0.05964865908026695,
        0.057668574154376984,
        0.054123394191265106,
        0.059527840465307236,
        0.05364339426159859,
        0.05926035717129707,
        0.05824592337012291,
        0.05459170415997505,
        0.05739612877368927,
        0.056337837129831314,
        0.06020388379693031
    ]
}