{
    "loss": [
        0.1126721203327179,
        0.08040564507246017,
        0.07707449793815613,
        0.07484949380159378,
        0.07420733571052551,
        0.07165735960006714,
        0.0712030827999115,
        0.07121586799621582,
        0.06990587711334229,
        0.07003127783536911,
        0.06860974431037903,
        0.06803656369447708,
        0.0673743262887001,
        0.07838477194309235,
        0.09719014912843704,
        0.08182759582996368,
        0.07861314713954926,
        0.07548120617866516,
        0.07344814389944077,
        0.07314456254243851,
        0.07133577018976212,
        0.07048051059246063,
        0.07024925202131271,
        0.07016574591398239,
        0.06943065673112869,
        0.06918536126613617,
        0.06926107406616211,
        0.06870842725038528,
        0.06879846006631851,
        0.06891907006502151,
        0.06818375736474991,
        0.068708635866642,
        0.06849139928817749,
        0.06804020702838898,
        0.06906803697347641,
        0.06896855682134628,
        0.0674113780260086,
        0.06723237037658691,
        0.06717219948768616,
        0.06748457252979279,
        0.06725672632455826,
        0.06722863018512726,
        0.06684751063585281,
        0.06674065440893173,
        0.06673883646726608,
        0.06637177616357803,
        0.06692047417163849,
        0.0667755976319313,
        0.06634587049484253,
        0.06675916165113449,
        0.06676275283098221,
        0.06610282510519028,
        0.06605711579322815,
        0.06635060906410217,
        0.0659957230091095,
        0.06530146300792694,
        0.06560233980417252,
        0.06551456451416016,
        0.06558800488710403,
        0.06589516252279282
    ],
    "val_loss": [
        0.07922482490539551,
        0.07981839776039124,
        0.07713765650987625,
        0.0761006623506546,
        0.07311851531267166,
        0.07088694721460342,
        0.07290830463171005,
        0.07640056312084198,
        0.07086711376905441,
        0.06834551692008972,
        0.07052692770957947,
        0.07232390344142914,
        0.0696055218577385,
        0.1471468061208725,
        0.08279899507761002,
        0.07929892838001251,
        0.07408034056425095,
        0.07859762758016586,
        0.07661079615354538,
        0.0750492513179779,
        0.07350765913724899,
        0.07249617576599121,
        0.07170216739177704,
        0.07224279642105103,
        0.06890535354614258,
        0.06951837241649628,
        0.06888086348772049,
        0.06952618807554245,
        0.06941153854131699,
        0.06688359379768372,
        0.07157913595438004,
        0.07213963568210602,
        0.07126589119434357,
        0.06698942929506302,
        0.07309317588806152,
        0.0726836770772934,
        0.07680193334817886,
        0.07255710661411285,
        0.07513557374477386,
        0.07193367928266525,
        0.07035129517316818,
        0.07070741802453995,
        0.0712166503071785,
        0.07301376760005951,
        0.07112133502960205,
        0.07335548847913742,
        0.0791793242096901,
        0.07276628166437149,
        0.07025672495365143,
        0.07311955839395523,
        0.06999567151069641,
        0.07103534042835236,
        0.0708327367901802,
        0.07026650756597519,
        0.07151511311531067,
        0.07309430092573166,
        0.07366744428873062,
        0.07100096344947815,
        0.07367754727602005,
        0.07250557094812393
    ]
}