{
    "loss": [
        0.11869333684444427,
        0.07497170567512512,
        0.0720043033361435,
        0.06846002489328384,
        0.06644792854785919,
        0.06362222135066986,
        0.06169145554304123,
        0.06272763758897781,
        0.061102382838726044,
        0.06115706264972687,
        0.05969717353582382,
        0.05935153737664223,
        0.05918215215206146,
        0.05902935564517975,
        0.05898958817124367,
        0.058267101645469666,
        0.05814346298575401,
        0.058020204305648804,
        0.057959359139204025,
        0.057876549661159515,
        0.057614535093307495,
        0.057778775691986084,
        0.057709258049726486,
        0.057669155299663544,
        0.05756867676973343,
        0.057607825845479965,
        0.05743030458688736,
        0.05750381574034691,
        0.05731720104813576,
        0.057331595569849014,
        0.05741729587316513,
        0.05732297897338867,
        0.05728813633322716,
        0.057287201285362244,
        0.057120658457279205,
        0.057242147624492645,
        0.057118821889162064,
        0.057178471237421036,
        0.056973718106746674,
        0.05701996758580208,
        0.05690488591790199,
        0.05696886032819748,
        0.05694008246064186,
        0.05688357725739479,
        0.05684322863817215,
        0.056843288242816925,
        0.05693900212645531,
        0.05667899176478386,
        0.05668872967362404,
        0.056778233498334885,
        0.05693289265036583,
        0.05671524256467819,
        0.056646738201379776,
        0.05663060024380684,
        0.05659789592027664,
        0.05652343109250069,
        0.056462716311216354,
        0.056563012301921844,
        0.05645400285720825,
        0.0563996285200119,
        0.05641774833202362,
        0.05642318353056908,
        0.0564144141972065,
        0.056349921971559525,
        0.05634413659572601,
        0.056338392198085785
    ],
    "val_loss": [
        0.0763067901134491,
        0.0711434856057167,
        0.06642965227365494,
        0.07342275232076645,
        0.06090761721134186,
        0.06027313694357872,
        0.0781046524643898,
        0.05891703814268112,
        0.06129411980509758,
        0.0665731132030487,
        0.0640912652015686,
        0.06755247712135315,
        0.060847412794828415,
        0.059423428028821945,
        0.06568191945552826,
        0.061577312648296356,
        0.06592591851949692,
        0.06221337616443634,
        0.06189443916082382,
        0.0632244348526001,
        0.0616036094725132,
        0.06357268989086151,
        0.06148584559559822,
        0.06269800662994385,
        0.06496436148881912,
        0.06263971328735352,
        0.06399528682231903,
        0.06358921527862549,
        0.06260469555854797,
        0.06407535076141357,
        0.06444789469242096,
        0.06272939592599869,
        0.06338534504175186,
        0.06293869018554688,
        0.061809055507183075,
        0.056279003620147705,
        0.05715063959360123,
        0.062335144728422165,
        0.06335404515266418,
        0.0629768818616867,
        0.06295426189899445,
        0.06367560476064682,
        0.06270574033260345,
        0.0631774514913559,
        0.06136968731880188,
        0.0645664855837822,
        0.062414221465587616,
        0.06035863980650902,
        0.06121951341629028,
        0.06187799200415611,
        0.061700489372015,
        0.06295529007911682,
        0.06237354502081871,
        0.06123229116201401,
        0.06012976914644241,
        0.06271430104970932,
        0.06251300126314163,
        0.06205584108829498,
        0.06331846117973328,
        0.06100387126207352,
        0.06172431260347366,
        0.061290089040994644,
        0.06068766117095947,
        0.06181294098496437,
        0.06313756108283997,
        0.05724460631608963
    ]
}