{
    "loss": [
        0.10288989543914795,
        0.07238217443227768,
        0.06968893855810165,
        0.06852621585130692,
        0.06666778028011322,
        0.06583604216575623,
        0.06543552130460739,
        0.0653161108493805,
        0.06507035344839096,
        0.06454747915267944,
        0.06378640234470367,
        0.0636654794216156,
        0.06365810334682465,
        0.0634358823299408,
        0.06329178065061569,
        0.06281254440546036,
        0.0627262145280838,
        0.06258708238601685,
        0.06255632638931274,
        0.06246829405426979,
        0.06212201341986656,
        0.06222407892346382,
        0.06223750114440918,
        0.06219109147787094,
        0.06201314926147461,
        0.06198371574282646,
        0.0619303397834301,
        0.06184064969420433,
        0.061833471059799194,
        0.061631664633750916,
        0.06184512376785278,
        0.06173621490597725,
        0.06148111820220947,
        0.061527643352746964,
        0.061405766755342484
    ],
    "val_loss": [
        0.09578532725572586,
        0.08282672613859177,
        0.07837726920843124,
        0.09336572140455246,
        0.07683409750461578,
        0.08890564739704132,
        0.09309593588113785,
        0.09765523672103882,
        0.08930879831314087,
        0.09713475406169891,
        0.09107840061187744,
        0.09361319243907928,
        0.08898548036813736,
        0.09003854542970657,
        0.09896676242351532,
        0.08895713090896606,
        0.09223635494709015,
        0.09414543211460114,
        0.09425286948680878,
        0.09522747248411179,
        0.09151788800954819,
        0.09382811188697815,
        0.0916641429066658,
        0.09286948293447495,
        0.09451518207788467,
        0.09021804481744766,
        0.0891355574131012,
        0.09759925305843353,
        0.09235463291406631,
        0.0917123407125473,
        0.0917096808552742,
        0.09277912229299545,
        0.10217750817537308,
        0.09625375270843506,
        0.09485864639282227
    ]
}