{
    "loss": [
        0.10584621131420135,
        0.09025595337152481,
        0.0881739929318428,
        0.08765023201704025,
        0.08676127344369888,
        0.08584707975387573,
        0.08510458469390869,
        0.08537503331899643,
        0.08463139086961746,
        0.08448776602745056,
        0.08392058312892914,
        0.08368486911058426,
        0.0836210697889328,
        0.08355780690908432,
        0.08341805636882782,
        0.0830579549074173,
        0.08285325765609741,
        0.08289383351802826,
        0.08277063071727753,
        0.0828513503074646,
        0.08250096440315247,
        0.08263664692640305,
        0.08260159939527512,
        0.08256872743368149,
        0.08247493207454681,
        0.08250033110380173,
        0.08251719176769257,
        0.0824219211935997,
        0.08230388164520264,
        0.08223489671945572,
        0.08228202909231186,
        0.08230899274349213,
        0.08211424946784973,
        0.08214443922042847
    ],
    "val_loss": [
        0.08881846070289612,
        0.08279192447662354,
        0.08243611454963684,
        0.08145231753587723,
        0.08379121124744415,
        0.08485888689756393,
        0.0878496915102005,
        0.08352779597043991,
        0.08362986892461777,
        0.08654285967350006,
        0.08527573943138123,
        0.08582566678524017,
        0.08610691875219345,
        0.08484151214361191,
        0.08498001098632812,
        0.08689548820257187,
        0.09026305377483368,
        0.08748060464859009,
        0.08670854568481445,
        0.08532210439443588,
        0.08631787449121475,
        0.08847712725400925,
        0.0880725309252739,
        0.08799312263727188,
        0.08671849220991135,
        0.08948692679405212,
        0.08801395446062088,
        0.08828780055046082,
        0.08748752623796463,
        0.09115428477525711,
        0.0865827202796936,
        0.08816161751747131,
        0.08873387426137924,
        0.08779320120811462
    ]
}