{
    "loss": [
        0.10055292397737503,
        0.07668600231409073,
        0.07322395592927933,
        0.07196631282567978,
        0.07039576768875122,
        0.0681455135345459,
        0.06785711646080017,
        0.06661662459373474,
        0.06629609316587448,
        0.06539551913738251,
        0.06423842161893845,
        0.06302904337644577,
        0.06982865929603577,
        0.06454489380121231,
        0.06389428675174713,
        0.06208915263414383,
        0.06108357012271881,
        0.060658399015665054,
        0.05982893332839012,
        0.059649474918842316,
        0.05842306464910507,
        0.05850907042622566,
        0.06030913442373276,
        0.05876482278108597,
        0.057891178876161575,
        0.05775394290685654,
        0.05786285921931267,
        0.05745428428053856,
        0.05760575085878372,
        0.05763055011630058,
        0.057702407240867615,
        0.05745549872517586,
        0.05725133419036865,
        0.057509809732437134,
        0.057417865842580795,
        0.057165440171957016,
        0.05695036053657532,
        0.056897860020399094,
        0.056973446160554886,
        0.05692345276474953,
        0.05670491233468056
    ],
    "val_loss": [
        0.07475388795137405,
        0.07374069094657898,
        0.07455543428659439,
        0.07309646159410477,
        0.0737924724817276,
        0.07279281318187714,
        0.06976081430912018,
        0.07097494602203369,
        0.0709269717335701,
        0.0742761641740799,
        0.06819991767406464,
        0.07247352600097656,
        0.07181529700756073,
        0.0743059515953064,
        0.07468414306640625,
        0.07237322628498077,
        0.07832000404596329,
        0.07130879908800125,
        0.07020063698291779,
        0.07206742465496063,
        0.06920298933982849,
        0.06918556988239288,
        0.07120869308710098,
        0.07063507288694382,
        0.06930215656757355,
        0.07072639465332031,
        0.0687745213508606,
        0.06920218467712402,
        0.07136958092451096,
        0.07141968607902527,
        0.07404068857431412,
        0.07238493859767914,
        0.06968799978494644,
        0.07094953209161758,
        0.07035505026578903,
        0.06848013401031494,
        0.06985385715961456,
        0.06956831365823746,
        0.07299987971782684,
        0.07144832611083984,
        0.0724882110953331
    ]
}