{
    "loss": [
        0.12362940609455109,
        0.09310466796159744,
        0.09182554483413696,
        0.09111471474170685,
        0.09024748206138611,
        0.08928489685058594,
        0.08905500173568726,
        0.08929712325334549,
        0.08893091231584549,
        0.08870283514261246,
        0.08804494142532349,
        0.08783882856369019,
        0.08774428814649582,
        0.08785836398601532,
        0.087429940700531,
        0.08730857819318771,
        0.08715219050645828,
        0.0870618000626564,
        0.08717477321624756,
        0.0870441198348999,
        0.08686026930809021,
        0.08685252815485,
        0.0868619829416275,
        0.08692186325788498,
        0.08667545765638351,
        0.08669258654117584,
        0.08661254495382309,
        0.08659608662128448,
        0.0865856260061264,
        0.08650799840688705,
        0.0865265354514122,
        0.08655077964067459,
        0.08645244687795639,
        0.08643710613250732,
        0.08654376864433289,
        0.08636831492185593,
        0.08626340329647064,
        0.08637969195842743,
        0.08624667674303055,
        0.08630844205617905,
        0.08637034147977829,
        0.08620870858430862,
        0.08644863963127136,
        0.08633433282375336,
        0.0861346647143364,
        0.08620226383209229,
        0.08614028245210648,
        0.08617096394300461,
        0.08618742227554321,
        0.08617051690816879,
        0.08610816299915314,
        0.08609293401241302,
        0.08612092584371567
    ],
    "val_loss": [
        0.08527909964323044,
        0.09375166893005371,
        0.08364638686180115,
        0.08572062104940414,
        0.08952701836824417,
        0.08435049653053284,
        0.08459819108247757,
        0.08464162796735764,
        0.0829453393816948,
        0.08331391215324402,
        0.08271199464797974,
        0.0831100195646286,
        0.08536266535520554,
        0.08300372213125229,
        0.08530380576848984,
        0.0830216109752655,
        0.08384014666080475,
        0.08333983272314072,
        0.0839390754699707,
        0.08344060927629471,
        0.08305931091308594,
        0.08255726099014282,
        0.08208701759576797,
        0.08283203840255737,
        0.08271008729934692,
        0.08349064737558365,
        0.08337803930044174,
        0.08499466627836227,
        0.08346091210842133,
        0.08624906837940216,
        0.08397692441940308,
        0.08275448530912399,
        0.08305399864912033,
        0.08427607268095016,
        0.0838017463684082,
        0.0851888433098793,
        0.08318611979484558,
        0.08699864894151688,
        0.08467500656843185,
        0.08525358140468597,
        0.08245961368083954,
        0.08484850823879242,
        0.08451585471630096,
        0.083393894135952,
        0.08406560122966766,
        0.08374729752540588,
        0.08404788374900818,
        0.08490929752588272,
        0.08583750575780869,
        0.08259513229131699,
        0.08427591621875763,
        0.08507927507162094,
        0.08582046627998352
    ]
}