{
    "loss": [
        0.10821007192134857,
        0.08605751395225525,
        0.08385513722896576,
        0.08341804891824722,
        0.08220729231834412,
        0.0812225490808487,
        0.08061359077692032,
        0.08027447760105133,
        0.08008696138858795,
        0.07947881519794464,
        0.07841909676790237,
        0.07800190895795822,
        0.07806715369224548,
        0.07760993391275406,
        0.07752622663974762,
        0.07697108387947083,
        0.07680737227201462,
        0.07677330821752548,
        0.07667384296655655,
        0.07647491246461868,
        0.07620535045862198,
        0.07622868567705154,
        0.07616504281759262,
        0.0761440247297287,
        0.07598420977592468,
        0.0759027972817421,
        0.07575859874486923,
        0.07567493617534637,
        0.07557698339223862,
        0.07535356283187866,
        0.07531610876321793,
        0.0750550776720047,
        0.07504566013813019,
        0.07490957528352737,
        0.07482282817363739,
        0.07470135390758514,
        0.07471674680709839
    ],
    "val_loss": [
        0.07935304939746857,
        0.0781470462679863,
        0.07789238542318344,
        0.07696542143821716,
        0.07732957601547241,
        0.07688300311565399,
        0.07632020860910416,
        0.07710430771112442,
        0.07743555307388306,
        0.08136225491762161,
        0.07761736214160919,
        0.08022857457399368,
        0.07932821661233902,
        0.08137594908475876,
        0.07874125987291336,
        0.0795983374118805,
        0.0777064636349678,
        0.08074136823415756,
        0.07977673411369324,
        0.08063306659460068,
        0.0810464397072792,
        0.08233799785375595,
        0.07788647711277008,
        0.08112360537052155,
        0.08273942023515701,
        0.07910925894975662,
        0.08026843518018723,
        0.08117823302745819,
        0.08075843751430511,
        0.08274205774068832,
        0.08075496554374695,
        0.08188900351524353,
        0.08146130293607712,
        0.08276695758104324,
        0.08192635327577591,
        0.08089696615934372,
        0.08176239579916
    ]
}