{
    "loss": [
        0.11354590952396393,
        0.08992888033390045,
        0.08520304411649704,
        0.08369863778352737,
        0.08162078261375427,
        0.08013682812452316,
        0.07966051995754242,
        0.07921602576971054,
        0.0784888043999672,
        0.07743534445762634,
        0.07655985653400421,
        0.07605183869600296,
        0.07604518532752991,
        0.07575058192014694,
        0.07551590353250504,
        0.07483426481485367,
        0.07468651980161667,
        0.07465384900569916,
        0.07422373443841934,
        0.07401169091463089,
        0.07361379265785217,
        0.07359342277050018,
        0.07343052327632904,
        0.0730876550078392,
        0.07298527657985687,
        0.07252512127161026,
        0.07239294052124023,
        0.07203183323144913,
        0.07196646928787231,
        0.07154645770788193,
        0.07126059383153915,
        0.07070756703615189,
        0.07077628374099731,
        0.07052187621593475,
        0.07009457051753998,
        0.0700487568974495,
        0.07009200006723404,
        0.06954037398099899,
        0.06963124126195908,
        0.06922735273838043,
        0.06898410618305206,
        0.06898922473192215,
        0.06865160167217255,
        0.06934568285942078,
        0.06863688677549362,
        0.06819508224725723,
        0.06859799474477768,
        0.06800438463687897,
        0.06802668422460556,
        0.06775664538145065,
        0.06798654794692993,
        0.06793950498104095,
        0.0675317645072937,
        0.06799911707639694,
        0.06707146018743515,
        0.06690982729196548,
        0.06719881296157837,
        0.06712722033262253,
        0.06694262474775314
    ],
    "val_loss": [
        0.08610396832227707,
        0.0837695524096489,
        0.07891187071800232,
        0.08219604194164276,
        0.0795571431517601,
        0.07682932913303375,
        0.07729794085025787,
        0.07766662538051605,
        0.07796768844127655,
        0.08049000799655914,
        0.0793972909450531,
        0.08194378763437271,
        0.07844500243663788,
        0.07664359360933304,
        0.07945854961872101,
        0.0789426639676094,
        0.07958193123340607,
        0.07964091747999191,
        0.07907567173242569,
        0.0773388147354126,
        0.07899364829063416,
        0.07870402187108994,
        0.07818100601434708,
        0.07627469301223755,
        0.07985277473926544,
        0.08082617074251175,
        0.07661902904510498,
        0.0763968899846077,
        0.07589427381753922,
        0.07886815071105957,
        0.08063238114118576,
        0.07866872102022171,
        0.07910813391208649,
        0.07990779727697372,
        0.07894240319728851,
        0.07962474226951599,
        0.07961133867502213,
        0.07901067286729813,
        0.08100460469722748,
        0.07732078433036804,
        0.07974647730588913,
        0.07856885343790054,
        0.08116483688354492,
        0.08091767877340317,
        0.07824786752462387,
        0.07711021602153778,
        0.08203370869159698,
        0.07774438709020615,
        0.07666514068841934,
        0.0793578252196312,
        0.07726311683654785,
        0.07722730189561844,
        0.08144557476043701,
        0.07948439568281174,
        0.08087377995252609,
        0.0800565853714943,
        0.07717853039503098,
        0.07960990816354752,
        0.07972384989261627
    ]
}