{
    "loss": [
        0.11083394289016724,
        0.08431610465049744,
        0.0803065374493599,
        0.07962359488010406,
        0.07858356833457947,
        0.07673293352127075,
        0.07704045623540878,
        0.07525503635406494,
        0.07047082483768463,
        0.06823943555355072,
        0.06658492237329483,
        0.06597676128149033,
        0.06560322642326355,
        0.06549999117851257,
        0.06522241234779358,
        0.06433847546577454,
        0.06434046477079391,
        0.06412927061319351,
        0.0639549121260643,
        0.06421372294425964,
        0.06338547170162201,
        0.06373156607151031,
        0.06342484802007675,
        0.063685342669487,
        0.06320401281118393,
        0.06310541927814484,
        0.06313388794660568,
        0.06294048577547073,
        0.06292422115802765,
        0.0627046525478363,
        0.06276560574769974,
        0.06249478459358215,
        0.06233922764658928,
        0.0622694231569767,
        0.06234592944383621,
        0.06208609417080879,
        0.06210288777947426,
        0.06187678128480911,
        0.061820052564144135,
        0.061544183641672134,
        0.06163664534687996,
        0.06157704070210457
    ],
    "val_loss": [
        0.07924207299947739,
        0.07529840618371964,
        0.07940787822008133,
        0.08452598750591278,
        0.07716584205627441,
        0.07622634619474411,
        0.07533044368028641,
        0.06738881021738052,
        0.06735790520906448,
        0.06762655824422836,
        0.06688997149467468,
        0.06601038575172424,
        0.0675901249051094,
        0.06730666756629944,
        0.06777756661176682,
        0.06834466755390167,
        0.06854398548603058,
        0.06855691969394684,
        0.07008080184459686,
        0.06828095018863678,
        0.0684211254119873,
        0.06802059710025787,
        0.06795746088027954,
        0.06909695267677307,
        0.06869269907474518,
        0.06830543279647827,
        0.06795351207256317,
        0.06788036972284317,
        0.06945375353097916,
        0.07002521306276321,
        0.06801138073205948,
        0.06852573901414871,
        0.06920628249645233,
        0.0703495591878891,
        0.06947125494480133,
        0.06764905154705048,
        0.06852859258651733,
        0.06862135976552963,
        0.06953922659158707,
        0.0685042291879654,
        0.06825877726078033,
        0.06939893960952759
    ]
}