{
    "loss": [
        0.08569889515638351,
        0.059393711388111115,
        0.05561983212828636,
        0.0532505139708519,
        0.05195598304271698,
        0.04849423095583916,
        0.048658836632966995,
        0.04760437458753586,
        0.047452230006456375,
        0.0467739999294281,
        0.04530948027968407,
        0.04528672993183136,
        0.04475505277514458,
        0.04450986161828041,
        0.044597774744033813,
        0.04362236335873604,
        0.04347165301442146,
        0.04342192783951759,
        0.04323333129286766,
        0.0431116558611393,
        0.04283841699361801,
        0.04299095645546913,
        0.04295189678668976,
        0.04277795925736427,
        0.04285316914319992,
        0.04262888804078102,
        0.04259549081325531,
        0.042445361614227295,
        0.04234056547284126,
        0.04248972609639168,
        0.04244237765669823,
        0.04238399118185043,
        0.042271796613931656,
        0.04233428090810776,
        0.04214297607541084,
        0.04221523553133011,
        0.04207795858383179,
        0.04210295528173447,
        0.041885752230882645,
        0.041993148624897,
        0.04164988920092583
    ],
    "val_loss": [
        0.061154160648584366,
        0.05650347098708153,
        0.05736763775348663,
        0.06144551560282707,
        0.06465334445238113,
        0.05666572228074074,
        0.06373323500156403,
        0.05748312920331955,
        0.06220449134707451,
        0.061008255928754807,
        0.05307622626423836,
        0.055477213114500046,
        0.05742800235748291,
        0.05891715735197067,
        0.054855212569236755,
        0.0577072836458683,
        0.059221599251031876,
        0.06159002706408501,
        0.05868794396519661,
        0.05929082632064819,
        0.06113404408097267,
        0.05992285534739494,
        0.05575487017631531,
        0.05605807527899742,
        0.06010151281952858,
        0.06000901758670807,
        0.05992875248193741,
        0.05605334788560867,
        0.05765340477228165,
        0.061039555817842484,
        0.05644063279032707,
        0.05730711668729782,
        0.05975643917918205,
        0.05930021405220032,
        0.057140495628118515,
        0.06030629202723503,
        0.06913140416145325,
        0.060154449194669724,
        0.05857377126812935,
        0.0580943338572979,
        0.05876234546303749
    ]
}