{
    "loss": [
        0.11169897019863129,
        0.09397733211517334,
        0.0924888327717781,
        0.09131068736314774,
        0.09087339788675308,
        0.08969119191169739,
        0.08945751935243607,
        0.089409738779068,
        0.08945600688457489,
        0.08921892940998077,
        0.08856748789548874,
        0.0885627344250679,
        0.08846140652894974,
        0.08837994188070297,
        0.08843082189559937,
        0.08816567808389664,
        0.0881972461938858,
        0.08809210360050201,
        0.08821333944797516,
        0.0880969986319542,
        0.08793966472148895,
        0.08799633383750916,
        0.08797053247690201,
        0.08793232589960098,
        0.08795919269323349,
        0.0879305899143219,
        0.08795218169689178,
        0.0879591703414917,
        0.08798908442258835,
        0.0879368782043457,
        0.08788494765758514,
        0.08790124207735062,
        0.08786702901124954,
        0.08782559633255005,
        0.08782126009464264,
        0.08781981468200684
    ],
    "val_loss": [
        0.084373340010643,
        0.08402696251869202,
        0.08548307418823242,
        0.08460964262485504,
        0.08262282609939575,
        0.08218419551849365,
        0.08476029336452484,
        0.08236673474311829,
        0.08242526650428772,
        0.08661068975925446,
        0.08406383544206619,
        0.08393528312444687,
        0.08446518331766129,
        0.08522357046604156,
        0.08460923284292221,
        0.08439107239246368,
        0.08521962910890579,
        0.08468326181173325,
        0.08343061059713364,
        0.08423922955989838,
        0.08411921560764313,
        0.08530040830373764,
        0.08492805808782578,
        0.08331538736820221,
        0.08548920601606369,
        0.08440259099006653,
        0.08558924496173859,
        0.0836651474237442,
        0.08498872816562653,
        0.08392263948917389,
        0.08643929660320282,
        0.08454213291406631,
        0.08451829850673676,
        0.08455551415681839,
        0.08406412601470947,
        0.084992915391922
    ]
}