{
    "loss": [
        0.11162511259317398,
        0.08512644469738007,
        0.07993502169847488,
        0.07863768190145493,
        0.07909227907657623,
        0.07631179690361023,
        0.07593266665935516,
        0.07583882659673691,
        0.07478059828281403,
        0.07425075024366379,
        0.07220879942178726,
        0.07149340212345123,
        0.0709678903222084,
        0.07036938518285751,
        0.06985997408628464,
        0.06882346421480179,
        0.06871955096721649,
        0.06840112060308456,
        0.06802956014871597,
        0.06813734769821167,
        0.06737086921930313,
        0.06765644997358322,
        0.06734241545200348,
        0.06735505163669586,
        0.06712272763252258,
        0.06720263510942459,
        0.06696555763483047,
        0.06697195023298264,
        0.0668339729309082,
        0.06685218960046768,
        0.06667491793632507,
        0.06664382666349411,
        0.06659618020057678,
        0.06647652387619019,
        0.06659527868032455,
        0.06637371331453323,
        0.0665004700422287,
        0.0664464682340622,
        0.06634405255317688,
        0.06618774682283401,
        0.06623157113790512,
        0.06597794592380524,
        0.06605062633752823,
        0.0659545436501503,
        0.06583787500858307
    ],
    "val_loss": [
        0.08498243987560272,
        0.0785481333732605,
        0.07301686704158783,
        0.07848252356052399,
        0.07348709553480148,
        0.07233991473913193,
        0.07322591543197632,
        0.07319444417953491,
        0.0711793452501297,
        0.0730014368891716,
        0.06999866664409637,
        0.07114898413419724,
        0.07243233174085617,
        0.0765247717499733,
        0.06978663802146912,
        0.07024884968996048,
        0.07250315696001053,
        0.0711357444524765,
        0.07640081644058228,
        0.07319962978363037,
        0.07580055296421051,
        0.0723498985171318,
        0.07078520953655243,
        0.07161930203437805,
        0.0726785957813263,
        0.07539317011833191,
        0.07530029118061066,
        0.074700266122818,
        0.0716375783085823,
        0.07357175648212433,
        0.07621936500072479,
        0.07312500476837158,
        0.07355989515781403,
        0.07391370832920074,
        0.07235582917928696,
        0.07401784509420395,
        0.07230748236179352,
        0.07292459160089493,
        0.06979077309370041,
        0.07595211267471313,
        0.07221673429012299,
        0.07126697897911072,
        0.07014165818691254,
        0.07142316550016403,
        0.07281864434480667
    ]
}