{
    "loss": [
        0.09986788034439087,
        0.07066887617111206,
        0.06730850785970688,
        0.06510049849748611,
        0.06408301740884781,
        0.061654333025217056,
        0.061320822685956955,
        0.060897111892700195,
        0.06075325235724449,
        0.060397397726774216,
        0.05932729318737984,
        0.05927238240838051,
        0.05905667692422867,
        0.0590391606092453,
        0.05890985578298569,
        0.05848873779177666,
        0.058466587215662,
        0.0584070049226284,
        0.05831008404493332,
        0.0583907850086689,
        0.05811096355319023,
        0.05819309875369072,
        0.05818789824843407,
        0.05813458189368248,
        0.058136116713285446,
        0.05807279795408249,
        0.05804164707660675,
        0.05805487930774689,
        0.05803842470049858,
        0.0579613633453846,
        0.057952720671892166,
        0.05795887112617493,
        0.057918038219213486,
        0.05795053392648697,
        0.057849641889333725,
        0.05784495174884796,
        0.057854797691106796,
        0.05784701183438301,
        0.05781335383653641,
        0.057793647050857544,
        0.057794615626335144,
        0.05777127295732498,
        0.05779698118567467,
        0.05775711312890053,
        0.0577482171356678,
        0.05776779353618622,
        0.05770820379257202,
        0.05776363983750343,
        0.057696204632520676,
        0.05768778547644615,
        0.05767155811190605,
        0.05767469108104706,
        0.05761424079537392,
        0.05766880884766579,
        0.0576387383043766,
        0.05763116106390953,
        0.057645849883556366,
        0.05768598988652229,
        0.057648204267024994,
        0.05761697515845299,
        0.05758475139737129,
        0.05763811245560646,
        0.05761983245611191,
        0.05761828273534775,
        0.05755991116166115,
        0.05759093537926674,
        0.05760375037789345,
        0.057581085711717606,
        0.05758542940020561,
        0.057576123625040054,
        0.05756758153438568,
        0.057587139308452606,
        0.05755583569407463,
        0.057539116591215134,
        0.057534873485565186,
        0.057548172771930695,
        0.0575401596724987,
        0.0575636550784111,
        0.057548992335796356,
        0.05752269923686981
    ],
    "val_loss": [
        0.06853996962308884,
        0.0620221309363842,
        0.05910428240895271,
        0.05902561545372009,
        0.0554831437766552,
        0.056580930948257446,
        0.05454428493976593,
        0.05385814979672432,
        0.05393363535404205,
        0.053636323660612106,
        0.05214390903711319,
        0.05289027467370033,
        0.05240793898701668,
        0.0520024336874485,
        0.05187791585922241,
        0.05165613442659378,
        0.05162106826901436,
        0.05134125426411629,
        0.05139859393239021,
        0.05131794512271881,
        0.05131332576274872,
        0.05146292969584465,
        0.05141409486532211,
        0.05121516063809395,
        0.050924237817525864,
        0.051033470779657364,
        0.051026325672864914,
        0.05089390277862549,
        0.05151473730802536,
        0.051697537302970886,
        0.051039669662714005,
        0.05072448402643204,
        0.05143043026328087,
        0.05113527923822403,
        0.05091045796871185,
        0.05128540098667145,
        0.05111896991729736,
        0.05111614987254143,
        0.05072929337620735,
        0.05058753490447998,
        0.05062311887741089,
        0.050839830189943314,
        0.05100780725479126,
        0.05037769675254822,
        0.05045301094651222,
        0.05041712522506714,
        0.05054815486073494,
        0.050290368497371674,
        0.05036098510026932,
        0.05020894482731819,
        0.05050632730126381,
        0.05070042237639427,
        0.05196297913789749,
        0.05028623342514038,
        0.05091850087046623,
        0.050264790654182434,
        0.0508405826985836,
        0.050333619117736816,
        0.05044619366526604,
        0.05024603009223938,
        0.05187331885099411,
        0.050282567739486694,
        0.05046142265200615,
        0.050232257694005966,
        0.05158137157559395,
        0.050767626613378525,
        0.05072672292590141,
        0.05032636225223541,
        0.05023016035556793,
        0.05062493309378624,
        0.050636161118745804,
        0.05026264116168022,
        0.05033408850431442,
        0.05032850801944733,
        0.050775881856679916,
        0.05041300505399704,
        0.050366275012493134,
        0.0502438098192215,
        0.05056150257587433,
        0.051774170249700546
    ]
}