{
    "loss": [
        0.1095888689160347,
        0.09336962550878525,
        0.09203149378299713,
        0.09107600897550583,
        0.09032938629388809,
        0.08881436288356781,
        0.08845601975917816,
        0.08806975185871124,
        0.08767439424991608,
        0.08753034472465515,
        0.08680456876754761,
        0.08668550103902817,
        0.08660751581192017,
        0.086418516933918,
        0.08650749176740646,
        0.08589403331279755,
        0.08577118813991547,
        0.08579730242490768,
        0.08576454967260361,
        0.08562915772199631,
        0.08530455827713013,
        0.08533494174480438,
        0.08531331270933151,
        0.0851348489522934,
        0.0850752592086792,
        0.0850103422999382,
        0.08481170237064362,
        0.08481114357709885,
        0.08475121855735779,
        0.08465138077735901,
        0.08462931960821152,
        0.08453761786222458,
        0.08445665240287781,
        0.0844140499830246
    ],
    "val_loss": [
        0.08747715502977371,
        0.08176825940608978,
        0.08376266062259674,
        0.08174686878919601,
        0.08462857455015182,
        0.08424069732427597,
        0.08315421640872955,
        0.08388857543468475,
        0.08345506340265274,
        0.08643964678049088,
        0.08517787605524063,
        0.08464306592941284,
        0.08409285545349121,
        0.08722280710935593,
        0.08867740631103516,
        0.0877385213971138,
        0.08612147718667984,
        0.08581254631280899,
        0.08529432117938995,
        0.08578687906265259,
        0.08747682720422745,
        0.08689779788255692,
        0.08866489678621292,
        0.08910776674747467,
        0.08649931848049164,
        0.08912180364131927,
        0.08970216661691666,
        0.08746032416820526,
        0.09000633656978607,
        0.08824703842401505,
        0.08900483697652817,
        0.08643347769975662,
        0.08812063932418823,
        0.08893255889415741
    ]
}