{
    "loss": [
        0.09803492575883865,
        0.07331027090549469,
        0.07108217477798462,
        0.06946655362844467,
        0.06858374923467636,
        0.06559271365404129,
        0.06492994725704193,
        0.0634472593665123,
        0.0633990690112114,
        0.06301946192979813,
        0.06094285473227501,
        0.0602089986205101,
        0.06003361567854881,
        0.0595858134329319,
        0.05959314852952957,
        0.05858805775642395,
        0.058235231786966324,
        0.058194272220134735,
        0.05812915042042732,
        0.05769963935017586,
        0.057310182601213455,
        0.05736855790019035,
        0.05731094256043434,
        0.057175442576408386,
        0.05712633579969406,
        0.057308804243803024,
        0.057017941027879715,
        0.05698038265109062,
        0.05685093626379967,
        0.05708698555827141,
        0.056714221835136414,
        0.05657671019434929,
        0.05667594447731972,
        0.05653030052781105,
        0.056397926062345505,
        0.05648915097117424,
        0.05616096407175064,
        0.05629337951540947,
        0.05638385936617851,
        0.05612066760659218,
        0.05617913976311684,
        0.05585367605090141
    ],
    "val_loss": [
        0.07015862315893173,
        0.0711897611618042,
        0.06905662268400192,
        0.07251536101102829,
        0.06775116175413132,
        0.07239873707294464,
        0.06766124814748764,
        0.06941907852888107,
        0.0642726793885231,
        0.06925270706415176,
        0.07114995270967484,
        0.06424854695796967,
        0.07379845529794693,
        0.06929583847522736,
        0.06541940569877625,
        0.06849996000528336,
        0.07353641837835312,
        0.06958191841840744,
        0.07037270069122314,
        0.07004650682210922,
        0.07055052369832993,
        0.06951247900724411,
        0.07051720470190048,
        0.06866957992315292,
        0.06831549108028412,
        0.072238028049469,
        0.07171470671892166,
        0.07045456767082214,
        0.07639031112194061,
        0.07339158654212952,
        0.06873628497123718,
        0.06907087564468384,
        0.07081453502178192,
        0.07484441250562668,
        0.07159993797540665,
        0.07197646796703339,
        0.07862350344657898,
        0.07122037559747696,
        0.0680621862411499,
        0.07572753727436066,
        0.06936109811067581,
        0.07213672250509262
    ]
}