{
    "loss": [
        0.10104092955589294,
        0.08111785352230072,
        0.07860647141933441,
        0.0768926665186882,
        0.07525318115949631,
        0.07294673472642899,
        0.07251725345849991,
        0.07149192690849304,
        0.07081643491983414,
        0.07104507833719254,
        0.0935971587896347,
        0.08587034791707993,
        0.07837998867034912,
        0.07612354308366776,
        0.07566811144351959,
        0.07406958192586899,
        0.0734383761882782,
        0.07323908805847168,
        0.07229302823543549,
        0.07197678089141846,
        0.07089003175497055,
        0.07110089808702469,
        0.07071318477392197,
        0.07009276002645493,
        0.06965794414281845,
        0.0698029175400734,
        0.06906270980834961,
        0.06880003213882446,
        0.06877071410417557,
        0.06806861609220505,
        0.06798802316188812,
        0.06762082129716873,
        0.06780733913183212,
        0.06710486859083176,
        0.06679166108369827,
        0.0665818601846695,
        0.0668741762638092,
        0.0664387196302414,
        0.06651581078767776,
        0.06634853780269623,
        0.06592809408903122,
        0.06606375426054001,
        0.06582216918468475,
        0.06557728350162506,
        0.06557335704565048
    ],
    "val_loss": [
        0.07585176825523376,
        0.07267418503761292,
        0.07114085555076599,
        0.0727788582444191,
        0.07557117193937302,
        0.07223813980817795,
        0.0689987912774086,
        0.0726424902677536,
        0.06969118118286133,
        0.07296159118413925,
        0.08656847476959229,
        0.07347837090492249,
        0.06733466684818268,
        0.0689200833439827,
        0.06463676691055298,
        0.06581108272075653,
        0.0710388720035553,
        0.06584665924310684,
        0.06835202127695084,
        0.0666712298989296,
        0.06665200740098953,
        0.06709460914134979,
        0.06664884835481644,
        0.06720110774040222,
        0.06685871630907059,
        0.06662946939468384,
        0.06628936529159546,
        0.07046818733215332,
        0.07003454864025116,
        0.06693477928638458,
        0.06851151585578918,
        0.06902849674224854,
        0.06663288921117783,
        0.06840529292821884,
        0.06821516156196594,
        0.0674641877412796,
        0.06952639669179916,
        0.0705050379037857,
        0.0710151419043541,
        0.06759025156497955,
        0.07103481143712997,
        0.07030397653579712,
        0.07062423229217529,
        0.06733378767967224,
        0.06938569992780685
    ]
}