{
    "loss": [
        0.11829952150583267,
        0.07201247662305832,
        0.06259479373693466,
        0.05531751736998558,
        0.05156987905502319,
        0.04801269993185997,
        0.04723929613828659,
        0.0462915375828743,
        0.04535629227757454,
        0.04550916329026222,
        0.04321523383259773,
        0.0430932492017746,
        0.042244840413331985,
        0.042152490466833115,
        0.042161427438259125,
        0.04150380939245224,
        0.04129098355770111,
        0.04098008573055267,
        0.04109393060207367,
        0.04062545299530029,
        0.040258053690195084,
        0.040421657264232635,
        0.04044622927904129,
        0.04027620330452919,
        0.04007565230131149,
        0.04038195684552193,
        0.03992611542344093,
        0.040177829563617706,
        0.039778515696525574,
        0.03979789465665817,
        0.03972315415740013,
        0.0396091490983963,
        0.039476871490478516,
        0.039517782628536224,
        0.0393429659307003,
        0.03952450677752495,
        0.039272405207157135,
        0.03923776000738144,
        0.039281390607357025,
        0.03905676677823067,
        0.038918573409318924
    ],
    "val_loss": [
        0.08482879400253296,
        0.06621268391609192,
        0.07540598511695862,
        0.057576071470975876,
        0.07054454833269119,
        0.06729698926210403,
        0.06739092618227005,
        0.06259261071681976,
        0.05911622568964958,
        0.05859918147325516,
        0.05436445772647858,
        0.05733953043818474,
        0.06518624722957611,
        0.06037808954715729,
        0.05831138417124748,
        0.0560493990778923,
        0.05800650641322136,
        0.056842342019081116,
        0.05694197490811348,
        0.0593327060341835,
        0.05726189538836479,
        0.05802606791257858,
        0.06209588050842285,
        0.06439448893070221,
        0.06644731760025024,
        0.06113774701952934,
        0.06398933380842209,
        0.06227948144078255,
        0.057309556752443314,
        0.06116971746087074,
        0.06089883670210838,
        0.063111811876297,
        0.06190546602010727,
        0.060254115611314774,
        0.058177459985017776,
        0.059337008744478226,
        0.059542663395404816,
        0.059204719960689545,
        0.05787928029894829,
        0.06050359457731247,
        0.05852314084768295
    ]
}