{
    "loss": [
        0.06055054813623428,
        0.04606826230883598,
        0.0455511137843132,
        0.0452912263572216,
        0.04499615728855133,
        0.04389037564396858,
        0.04392070323228836,
        0.043714672327041626,
        0.0436888113617897,
        0.043741848319768906,
        0.04325151443481445,
        0.04317400977015495,
        0.043177034705877304,
        0.043179966509342194,
        0.04315967485308647,
        0.042901743203401566,
        0.042921677231788635,
        0.042984381318092346,
        0.04287854954600334,
        0.04290519282221794,
        0.04278966784477234,
        0.04286639392375946,
        0.04280410334467888,
        0.042835164815187454,
        0.04285942390561104,
        0.04282933473587036,
        0.0428212471306324,
        0.04280390217900276,
        0.042862024158239365,
        0.0428130105137825,
        0.04281230270862579,
        0.04281726852059364,
        0.04281403124332428,
        0.04278729483485222,
        0.04283471405506134,
        0.04283810406923294,
        0.042792197316884995,
        0.042788852006196976,
        0.04281453415751457,
        0.04280269891023636,
        0.04278039187192917,
        0.042813897132873535,
        0.04279516637325287,
        0.04280534386634827,
        0.04277971014380455,
        0.04279450699687004,
        0.04279520362615585,
        0.04278258979320526,
        0.04279106855392456,
        0.04278158023953438,
        0.042757175862789154,
        0.042794473469257355,
        0.0427638478577137
    ],
    "val_loss": [
        0.0463118851184845,
        0.04630471020936966,
        0.04631949961185455,
        0.04782621189951897,
        0.04737986624240875,
        0.04579942673444748,
        0.045807767659425735,
        0.045811738818883896,
        0.04620534926652908,
        0.046449579298496246,
        0.045468416064977646,
        0.04576658084988594,
        0.04634257033467293,
        0.045729558914899826,
        0.04530075192451477,
        0.04551719129085541,
        0.04547341167926788,
        0.045257069170475006,
        0.045237813144922256,
        0.045483000576496124,
        0.045306168496608734,
        0.04534882307052612,
        0.045214880257844925,
        0.04522915184497833,
        0.04531507566571236,
        0.045351848006248474,
        0.045318059623241425,
        0.04526935890316963,
        0.045309603214263916,
        0.04542466998100281,
        0.04526733234524727,
        0.04528310149908066,
        0.04522142559289932,
        0.04524015262722969,
        0.045601919293403625,
        0.04539031535387039,
        0.045297734439373016,
        0.04524557664990425,
        0.04544239118695259,
        0.045593030750751495,
        0.0452602319419384,
        0.045403920114040375,
        0.045316439121961594,
        0.0452498123049736,
        0.0453215092420578,
        0.045323655009269714,
        0.04528017342090607,
        0.04526989534497261,
        0.04524814710021019,
        0.045264892280101776,
        0.04531557857990265,
        0.045360732823610306,
        0.04524931311607361
    ]
}