{
    "loss": [
        0.09295784682035446,
        0.07208037376403809,
        0.07002457231283188,
        0.06827528774738312,
        0.06715162098407745,
        0.06576880067586899,
        0.06517554819583893,
        0.0649355873465538,
        0.0643533393740654,
        0.06410577893257141,
        0.06307967752218246,
        0.06278759241104126,
        0.0627938061952591,
        0.06261143833398819,
        0.06251993775367737,
        0.06191984936594963,
        0.06161518394947052,
        0.0616232231259346,
        0.061492905020713806,
        0.061326101422309875,
        0.061051029711961746,
        0.06117932125926018,
        0.061141036450862885,
        0.060955960303545,
        0.06095792353153229,
        0.06092541664838791,
        0.06085358187556267,
        0.060867369174957275,
        0.06072894483804703,
        0.06072336807847023,
        0.06063259392976761
    ],
    "val_loss": [
        0.07516604661941528,
        0.08322495967149734,
        0.07534743845462799,
        0.09916407614946365,
        0.07947613298892975,
        0.09218889474868774,
        0.09385567158460617,
        0.09341976791620255,
        0.10152202099561691,
        0.09405862540006638,
        0.09458388388156891,
        0.0960729569196701,
        0.1012127548456192,
        0.09469371289014816,
        0.10506914556026459,
        0.09532658755779266,
        0.09455166012048721,
        0.10119414329528809,
        0.10018942505121231,
        0.09446915984153748,
        0.09561224281787872,
        0.09959762543439865,
        0.09684460610151291,
        0.0985630676150322,
        0.10089573264122009,
        0.10093816369771957,
        0.1037132665514946,
        0.10325127840042114,
        0.09863253682851791,
        0.09568580985069275,
        0.09875772893428802
    ]
}