{
    "loss": [
        0.1291736364364624,
        0.09193741530179977,
        0.08427772670984268,
        0.08168857544660568,
        0.08039936423301697,
        0.0788978710770607,
        0.07825540751218796,
        0.07710336893796921,
        0.07599920779466629,
        0.07422930747270584,
        0.07352709770202637,
        0.07283017784357071,
        0.07246857136487961,
        0.07238491624593735,
        0.07136881351470947,
        0.06971524655818939,
        0.06897138804197311,
        0.06853886693716049,
        0.06840626895427704,
        0.0681261196732521,
        0.06762288510799408,
        0.06742110848426819,
        0.06756589561700821,
        0.06760840862989426,
        0.06745797395706177,
        0.0670301616191864,
        0.0668996050953865,
        0.06683629751205444,
        0.06656282395124435,
        0.06685811281204224,
        0.06643907725811005,
        0.06686557829380035,
        0.06640058010816574,
        0.06641433387994766,
        0.06612341850996017,
        0.06621004641056061,
        0.0663008987903595,
        0.06601712107658386,
        0.06642908602952957
    ],
    "val_loss": [
        0.10244918614625931,
        0.07952088862657547,
        0.07979974150657654,
        0.08333954960107803,
        0.07805509120225906,
        0.07509294152259827,
        0.0797499492764473,
        0.07529239356517792,
        0.07155036181211472,
        0.07267020642757416,
        0.07431329786777496,
        0.07575424760580063,
        0.07864890247583389,
        0.0757843554019928,
        0.07377836108207703,
        0.07592644542455673,
        0.07733628153800964,
        0.07484602183103561,
        0.07603864371776581,
        0.07469472289085388,
        0.074337899684906,
        0.07389258593320847,
        0.07458539307117462,
        0.07488124072551727,
        0.07562145590782166,
        0.07722391933202744,
        0.07308383285999298,
        0.07510975003242493,
        0.07568895816802979,
        0.07308465242385864,
        0.07255379110574722,
        0.0745568796992302,
        0.07410664111375809,
        0.07358866184949875,
        0.07381146401166916,
        0.07704100012779236,
        0.07525485008955002,
        0.07382290065288544,
        0.07436870783567429
    ]
}