{
    "loss": [
        0.10374864190816879,
        0.06739678978919983,
        0.05967354029417038,
        0.05697419494390488,
        0.056430261582136154,
        0.05248076841235161,
        0.05131429061293602,
        0.05084618926048279,
        0.04984866827726364,
        0.04952098801732063,
        0.047557320445775986,
        0.047272033989429474,
        0.046672314405441284,
        0.04659832641482353,
        0.046183764934539795,
        0.045595407485961914,
        0.04530609771609306,
        0.0454476997256279,
        0.045218806713819504,
        0.04537168890237808,
        0.04466177895665169,
        0.04472995549440384,
        0.04465390741825104,
        0.04470058158040047,
        0.04458704590797424,
        0.04446214810013771,
        0.04434794560074806,
        0.04459938779473305,
        0.04432015120983124,
        0.04415208101272583,
        0.04421423003077507,
        0.0442037358880043,
        0.04424567148089409,
        0.04390978813171387,
        0.043783098459243774,
        0.043872907757759094,
        0.043659307062625885
    ],
    "val_loss": [
        0.069228395819664,
        0.06009238585829735,
        0.06075918301939964,
        0.05374175310134888,
        0.05432615801692009,
        0.0538494810461998,
        0.051284849643707275,
        0.057525381445884705,
        0.05732022598385811,
        0.06811385601758957,
        0.05607599392533302,
        0.05570044368505478,
        0.05661753565073013,
        0.05890132114291191,
        0.057006753981113434,
        0.05639024078845978,
        0.05811350792646408,
        0.07163998484611511,
        0.055759117007255554,
        0.057147059589624405,
        0.05761612206697464,
        0.058108650147914886,
        0.061360057443380356,
        0.05587998032569885,
        0.0623292550444603,
        0.059310182929039,
        0.059622351080179214,
        0.057901766151189804,
        0.05975592881441116,
        0.056479036808013916,
        0.054198164492845535,
        0.06141503527760506,
        0.06052286922931671,
        0.055917635560035706,
        0.06188291683793068,
        0.05765267089009285,
        0.06070603430271149
    ]
}